num_of_processes,num_of_iterations,length_of_message,max_memory_usage,max_cpu_usage
4,20000,450,26.845184,1.3447032258064515
2,20000,450,21.921792,0.6734850299401197
6,90000,450,32.206848,1.9901019108280256
2,10000,50,21.516288,0.6576855345911949
2,20000,50,21.827584,0.6698333333333334
7,105000,50,36.5568,2.3360256410256413
1,5000,250,19.308544,0.3344331210191082
6,60000,250,32.722944,2.0210387096774194
8,120000,250,39.079936,2.6681602564102564
3,15000,50,24.465408,0.9932611464968152
3,30000,50,24.395776,0.9830188679245284
8,120000,50,40.095744,2.794537414965986
1,5000,50,19.099648,0.3321139240506329
4,40000,50,27.152384,1.3377435897435896
8,120000,50,40.12032,2.6479125
2,10000,50,22.024192,0.6588012820512821
4,40000,50,27.766784,1.3269554140127386
7,105000,50,37.400576,2.3291025641025644
3,15000,350,24.559616,1.0023076923076923
6,60000,350,32.763904,1.989630573248408
4,60000,350,29.569024,1.3690569620253166
4,20000,250,27.17696,1.3124177215189872
3,30000,250,24.469504,0.9968216560509556
8,120000,250,40.886272,2.686774193548387
1,5000,350,19.120128,0.3383096774193548
3,30000,350,24.539136,1.0026666666666668
8,120000,350,40.730624,2.7186274509803923
4,20000,350,27.099136,1.3364807692307692
6,60000,350,32.362496,2.016458064516129
8,120000,350,41.69728,2.7069738562091503
1,5000,50,19.202048,0.3342547770700637
5,50000,50,29.270016,1.6500191082802549
5,75000,50,33.079296,1.6910628930817608
3,15000,450,24.768512,1.014075
2,20000,450,21.917696,0.6717820512820514
6,90000,450,36.610048,2.003403846153846
3,15000,250,24.71936,1.0030576923076922
5,50000,250,29.794304,1.7071032258064518
7,105000,250,40.517632,2.335224358974359
3,15000,350,24.195072,1.0052193548387096
3,30000,350,24.502272,1.0088645161290324
6,90000,350,38.223872,2.002089743589744
4,20000,350,27.426816,1.3446064516129033
3,30000,350,24.518656,1.0190191082802549
8,120000,350,43.298816,2.687870967741936
2,10000,150,21.798912,0.6787207792207792
6,60000,150,32.329728,2.0038910256410256
8,120000,150,42.47552,2.8715448717948715
2,10000,450,21.819392,0.6743607594936708
2,20000,450,21.827584,0.6683333333333332
5,75000,450,34.136064,1.6942
2,10000,450,21.79072,0.6657707006369428
3,30000,450,24.45312,0.998852564102564
5,75000,450,34.353152,1.6684437499999998
4,20000,150,27.373568,1.3272115384615386
6,60000,150,31.870976,2.021561290322581
7,105000,150,39.350272,2.3350320512820515
2,10000,250,21.925888,0.6802929936305733
6,60000,250,32.374784,1.990808917197452
4,60000,250,31.084544,1.345316129032258
1,5000,250,19.324928,0.3858614457831325
2,20000,250,21.655552,0.6663566878980892
6,90000,250,36.450304,2.0382894736842108
3,15000,450,24.256512,1.009
4,40000,450,27.471872,1.3437096774193549
6,90000,450,37.35552,1.9999102564102564
2,10000,150,21.700608,0.6647834394904459
2,20000,150,21.741568,0.6684294871794871
4,60000,150,31.576064,1.3196708860759494
1,5000,150,19.144704,0.3965286624203822
4,40000,150,27.185152,1.3108490566037736
6,90000,150,37.470208,2.010191082802548
3,15000,450,24.567808,0.9964968152866244
3,30000,450,24.49408,1.0123846153846154
5,75000,450,34.844672,1.669551282051282
2,10000,150,21.819392,0.6651146496815287
5,50000,150,30.179328,1.6283018867924528
5,75000,150,34.267136,1.6583694267515925
2,10000,250,22.040576,0.66291875
2,20000,250,21.856256,0.6821372549019609
6,90000,250,37.056512,2.015606451612903
1,5000,350,19.030016,0.337275641025641
3,30000,350,24.223744,1.003403846153846
7,105000,350,40.349696,2.335198717948718
3,15000,450,24.252416,1.0153246753246754
2,20000,450,21.655552,0.6743032258064516
8,120000,450,43.552768,2.684903225806452
2,10000,350,21.901312,0.6716346153846153
2,20000,350,21.651456,0.6698104575163398
5,75000,350,35.094528,1.6720705128205129
1,5000,250,19.042304,0.3347834394904458
5,50000,250,30.359552,1.6677884615384615
5,75000,250,34.418688,1.6697125
3,15000,450,24.399872,1.0160454545454547
5,50000,450,30.015488,1.6792064516129033
8,120000,450,43.433984,2.6859032258064515
2,10000,250,22.065152,0.67175
2,20000,250,21.843968,0.6729050632911393
7,105000,250,40.22272,2.3569483870967742
3,15000,350,24.272896,0.9960063694267516
2,20000,350,21.622784,0.6787272727272728
8,120000,350,43.23328,2.669435897435897
3,15000,50,24.317952,0.996815286624204
5,50000,50,29.589504,1.6570127388535032
5,75000,50,34.46784,1.664208633093525
4,20000,350,27.242496,1.3755802469135805
3,30000,350,24.702976,1.0029423076923076
6,90000,350,37.343232,1.998557692307692
2,10000,50,21.614592,0.6761233766233766
6,60000,50,32.161792,2.0021153846153847
8,120000,50,42.487808,2.6828246753246754
3,15000,250,24.645632,0.9823836477987422
2,20000,250,21.901312,0.6972193548387097
8,120000,250,43.167744,2.8303694267515924
2,10000,250,21.8112,0.6736645161290322
5,50000,250,29.638656,1.6695641025641026
6,90000,250,36.84352,2.0162129032258065
4,20000,150,27.168768,1.346897435897436
5,50000,150,30.06464,1.6800903225806452
7,105000,150,39.993344,2.349722580645161
3,15000,50,24.322048,0.9720621118012422
5,50000,50,30.08512,1.6721858974358974
8,120000,50,42.549248,2.6693076923076924
4,20000,50,26.943488,1.3047062500000002
4,40000,50,27.705344,1.312308176100629
7,105000,50,40.034304,2.3195128205128204
2,10000,250,22.142976,0.6874774193548387
6,60000,250,32.923648,2.016322580645161
6,90000,250,37.433344,2.027051948051948
3,15000,350,24.113152,1.0270657894736843
6,60000,350,32.837632,2.0161290322580645
6,90000,350,37.666816,2.0140193548387098
1,5000,350,18.944,0.3423032258064516
4,40000,350,27.414528,1.3355128205128206
4,60000,350,31.342592,1.3723684210526317
3,15000,250,24.342528,1.008767741935484
4,40000,250,27.222016,1.3357385620915032
7,105000,250,40.01792,2.3345641025641024
4,20000,150,26.89024,1.3389358974358976
6,60000,150,31.903744,1.9923694267515923
4,60000,150,31.47776,1.3733691275167788
2,10000,250,22.05696,0.6654140127388535
5,50000,250,30.035968,1.664725
5,75000,250,34.521088,1.6803096774193549
1,5000,150,19.316736,0.4033291925465838
6,60000,150,32.301056,1.9763885350318475
5,75000,150,34.73408,1.6797096774193547
4,20000,450,27.344896,1.3335320512820512
4,40000,450,27.21792,1.366785234899329
8,120000,450,43.593728,2.669576923076922
2,10000,350,21.651456,0.6695961538461538
4,40000,350,27.316224,1.335897435897436
8,120000,350,42.942464,2.693057324840764
2,10000,150,21.741568,0.6736838709677418
5,50000,150,29.483008,1.6677261146496816
7,105000,150,40.42752,2.3214140127388534
3,15000,450,24.035328,1.009258064516129
6,60000,450,32.657408,2.0151096774193547
4,60000,450,32.1536,1.3514387096774194
4,20000,350,27.123712,1.3347243589743591
5,50000,350,30.175232,1.70262987012987
5,75000,350,34.729984,1.6913246753246751
2,10000,350,21.741568,0.6675350318471338
3,30000,350,24.190976,0.9886242038216562
5,75000,350,34.85696,1.682320512820513
3,15000,350,24.461312,0.9918407643312102
2,20000,350,21.843968,0.6656815286624205
4,60000,350,31.903744,1.3533116883116882
2,10000,250,21.958656,0.687461038961039
6,60000,250,32.74752,2.0913701298701297
7,105000,250,40.296448,2.427058064516129
1,5000,350,19.001344,0.3344125
2,20000,350,21.581824,0.6660569620253165
7,105000,350,40.546304,2.3424358974358976
3,15000,450,24.1664,1.0032371794871795
5,50000,450,30.306304,1.6811935483870968
4,60000,450,32.231424,1.353883116883117
2,10000,50,21.89312,0.6562830188679246
5,50000,50,30.138368,1.6480443037974686
5,75000,50,34.668544,1.6659871794871794
2,10000,50,21.987328,0.6573962264150944
3,30000,50,24.522752,1.0041089743589744
4,60000,50,31.604736,1.354409090909091
1,5000,150,19.3536,0.3445290322580645
6,60000,150,32.559104,1.9935424836601308
8,120000,150,43.077632,2.6855290322580645
2,10000,250,21.671936,0.6602064516129031
4,40000,250,27.512832,1.3775394736842106
5,75000,250,34.566144,1.6814367088607596
4,20000,50,26.963968,1.3412948717948716
2,20000,50,21.46304,0.6564842767295598
7,105000,50,40.484864,2.3427924528301887
2,10000,450,21.89312,0.6677051282051282
5,50000,450,30.22848,1.6701217948717948
4,60000,450,31.96928,1.3804805194805194
4,20000,250,27.168768,1.3308589743589745
6,60000,250,32.575488,2.0144580645161287
5,75000,250,35.1232,1.6803935483870969
2,10000,450,21.860352,0.6703589743589744
3,30000,450,24.530944,1.01562987012987
7,105000,450,40.787968,2.5158920863309358
2,10000,50,22.024192,0.65273125
3,30000,50,24.3712,1.0167012987012989
8,120000,50,42.717184,2.702987012987013
2,10000,450,21.72928,0.671448051948052
4,40000,450,27.664384,1.340331168831169
8,120000,450,42.934272,2.684396103896104
1,5000,250,19.12832,0.3349871794871795
4,40000,250,27.01312,1.336
7,105000,250,40.493056,2.374974842767296
1,5000,50,19.161088,0.3390258064516128
6,60000,50,32.268288,1.9648238993710687
4,60000,50,31.70304,1.3270314465408806
1,5000,350,19.345408,0.3798292682926829
6,60000,350,32.919552,2.0026346153846157
4,60000,350,31.789056,1.3273821656050957
1,5000,450,19.161088,0.3382451612903225
3,30000,450,24.457216,0.9999102564102564
8,120000,450,43.4176,2.6738580645161294
4,20000,250,27.066368,1.30265
3,30000,250,24.522752,1.0023269230769232
6,90000,250,37.64224,2.024409638554217
2,10000,250,22.147072,0.6732129032258065
3,30000,250,24.748032,1.0144387096774192
5,75000,250,34.697216,1.7050062499999998
3,15000,150,24.518656,1.0094451612903226
2,20000,150,21.577728,0.6695987261146497
5,75000,150,35.00032,1.6633962264150943
2,10000,350,21.540864,0.6741612903225807
6,60000,350,32.29696,2.0156387096774195
7,105000,350,40.61184,2.3666363636363634
2,10000,150,22.081536,0.6552704402515723
3,30000,150,24.133632,0.996904458598726
4,60000,150,31.9488,1.3362243589743588
4,20000,250,26.865664,1.373926380368098
6,60000,250,32.03072,2.016567741935484
6,90000,250,37.883904,2.0291493506493508
3,15000,50,24.465408,1.0021730769230768
2,20000,50,21.929984,0.6606898734177215
5,75000,50,34.725888,1.654955128205128
4,20000,150,27.004928,1.327063694267516
2,20000,150,21.905408,0.6798701298701298
8,120000,150,43.384832,2.7035454545454547
2,10000,150,21.807104,0.6596687499999999
6,60000,150,32.641024,2.0025
7,105000,150,41.22624,2.3210382165605097
3,15000,450,24.723456,1.0093612903225808
3,30000,450,24.510464,0.9966687898089172
7,105000,450,41.222144,2.366727272727273
1,5000,150,19.06688,0.3827875
2,20000,150,21.712896,0.678603896103896
8,120000,150,43.913216,2.6661538461538465
2,10000,150,21.676032,0.6693141025641025
4,40000,150,27.131904,1.3359038461538462
6,90000,150,38.416384,2.014748387096774
4,20000,50,27.471872,1.3741493506493507
5,50000,50,30.55616,1.6694935897435896
8,120000,50,43.352064,2.702188311688312
4,20000,350,27.144192,1.3374580645161291
6,60000,350,33.56672,2.0339741935483877
7,105000,350,40.751104,2.3513161290322584
4,20000,450,27.066368,1.3448967741935485
6,60000,450,32.825344,2.028616883116883
6,90000,450,37.86752,2.027922077922078
1,5000,150,18.948096,0.415373417721519
3,30000,150,24.727552,0.9970063694267516
4,60000,150,32.11264,1.325246835443038
2,10000,450,21.721088,0.6784777070063694
4,40000,450,27.32032,1.3485769230769231
7,105000,450,40.583168,2.3337371794871795
2,10000,150,22.044672,0.6700250000000001
3,30000,150,24.71936,1.0032564102564103
8,120000,150,42.96704,2.632132911392405
3,15000,350,24.588288,1.0112038216560508
4,40000,350,27.488256,1.3449806451612902
8,120000,350,43.659264,2.7169025974025973
1,5000,350,19.132416,0.3501870967741935
2,20000,350,21.839872,0.6743483870967742
8,120000,350,43.556864,2.7186625766871164
4,20000,150,26.86976,1.3441870967741938
2,20000,150,21.803008,0.674
5,75000,150,34.783232,1.728956204379562
3,15000,450,24.510464,1.0157727272727273
3,30000,450,24.96512,1.009774193548387
8,120000,450,43.646976,2.684696774193549
2,10000,350,21.966848,0.665484076433121
4,40000,350,26.963968,1.3784649681528662
7,105000,350,40.706048,2.365320754716981
1,5000,50,19.329024,0.3344076433121019
5,50000,50,29.98272,1.62820625
6,90000,50,37.507072,1.9867133757961783
2,10000,150,21.97504,0.6804193548387096
6,60000,150,32.41984,2.0025
5,75000,150,34.770944,1.6582101910828029
1,5000,350,19.058688,0.3369294871794871
4,40000,350,26.812416,1.3413161290322582
6,90000,350,37.31456,2.003108280254777
1,5000,50,19.243008,0.32784375
6,60000,50,32.39936,1.94745625
5,75000,50,34.709504,1.6786516129032258
3,15000,250,24.510464,0.9960828025477708
3,30000,250,24.875008,1.0247354838709677
7,105000,250,40.706048,2.365120253164557
3,15000,250,24.395776,1.0105705128205127
5,50000,250,29.814784,1.6693333333333331
4,60000,250,32.44032,1.3331582278481011
4,20000,150,26.5216,1.311012578616352
5,50000,150,30.203904,1.6806
4,60000,150,31.977472,1.3749299363057323
4,20000,350,27.267072,1.3456645161290324
3,30000,350,25.427968,1.0036666666666667
5,75000,350,35.504128,1.69075974025974
1,5000,250,19.23072,0.3846932515337423
2,20000,250,21.512192,0.6763270440251572
5,75000,250,34.848768,1.6760967741935484
4,20000,350,27.144192,1.354487012987013
6,60000,350,32.681984,2.0193290322580646
5,75000,350,34.779136,1.7004709677419356
4,20000,50,27.201536,1.307320512820513
5,50000,50,29.94176,1.69087012987013
7,105000,50,40.316928,2.3263461538461536
1,5000,250,19.116032,0.3351464968152866
3,30000,250,24.588288,0.9960509554140128
4,60000,250,31.862784,1.3361089743589742
4,20000,50,27.426816,1.2928757763975154
6,60000,50,32.493568,1.96425786163522
6,90000,50,37.666816,1.9877006369426755
3,15000,150,24.444928,1.002
3,30000,150,24.711168,1.0097354838709678
5,75000,150,35.115008,1.6800064516129032
1,5000,450,19.152896,0.3361538461538461
3,30000,450,24.346624,0.990246835443038
5,75000,450,35.20512,1.690246753246753
3,15000,150,24.662016,1.0030064102564102
2,20000,150,22.192128,0.6592173913043478
8,120000,150,43.044864,2.633291139240506
2,10000,50,21.397504,0.6534187499999999
6,60000,50,32.899072,1.99056050955414
5,75000,50,34.603008,1.6696923076923076
3,15000,250,24.563712,1.0087161290322582
5,50000,250,29.822976,1.6689871794871791
6,90000,250,38.019072,2.011793548387097
3,15000,150,24.113152,0.9853522012578616
6,60000,150,33.112064,2.006967741935484
6,90000,150,37.64224,1.9913248407643311
3,15000,150,24.629248,0.996579617834395
6,60000,150,32.39936,1.9944451612903225
4,60000,150,31.940608,1.3276624203821654
4,20000,350,27.062272,1.3450193548387095
5,50000,350,30.420992,1.6829032258064516
7,105000,350,40.689664,2.335724358974359
3,15000,450,24.313856,1.0080064516129033
5,50000,450,30.138368,1.689248366013072
6,90000,450,38.326272,2.015529032258065
2,10000,150,21.757952,0.65273125
5,50000,150,29.863936,1.677316129032258
6,90000,150,37.982208,2.015496774193549
4,20000,350,27.049984,1.3508571428571428
4,40000,350,27.725824,1.336365384615385
5,75000,350,35.176448,1.6864285714285714
4,20000,350,27.664384,1.3537012987012986
4,40000,350,27.373568,1.336269230769231
8,120000,350,42.868736,2.679326923076923
4,20000,250,27.111424,1.2988260869565218
6,60000,250,32.038912,2.0442077922077924
8,120000,250,43.339776,2.702993506493506
2,10000,50,21.99552,0.6742967741935484
4,40000,50,27.295744,1.3365
6,90000,50,37.53984,1.9867579617834397
1,5000,50,19.226624,0.3349108280254776
2,20000,50,21.856256,0.6655159235668789
7,105000,50,40.435712,2.3501612903225806
3,15000,450,24.395776,1.0160584415584415
6,60000,450,33.079296,2.0287467532467534
7,105000,450,40.947712,2.3514967741935484
1,5000,150,19.39456,0.3722576687116564
5,50000,150,29.425664,1.66975
6,90000,150,37.871616,2.0153290322580646
2,10000,250,21.83168,0.6653312101910829
4,40000,250,26.9312,1.3265095541401273
6,90000,250,37.9904,2.0161616766467065
3,15000,450,24.424448,1.002801282051282
2,20000,450,21.991424,0.6648980891719746
5,75000,450,35.18464,1.6746858974358974
3,15000,150,24.649728,0.9816477987421384
4,40000,150,27.283456,1.3441741935483869
8,120000,150,43.388928,2.669557692307692
1,5000,50,19.038208,0.3284844720496894
6,60000,50,32.362496,1.9647735849056605
6,90000,50,38.096896,2.016419354838709
1,5000,450,19.120128,0.3439281045751634
5,50000,450,30.117888,1.6801870967741936
7,105000,450,41.521152,2.3194012738853504
2,10000,350,21.72928,0.6725687499999999
5,50000,350,29.888512,1.6918774193548387
5,75000,350,35.176448,1.679483870967742
4,20000,250,27.123712,1.345846153846154
4,40000,250,27.193344,1.3487307692307693
4,60000,250,32.518144,1.336711538461539
1,5000,250,19.279872,0.3364102564102564
3,30000,250,24.35072,1.0042628205128206
5,75000,250,35.344384,1.6682115384615384
2,10000,350,21.876736,0.6769870967741936
3,30000,350,24.715264,1.0086645161290322
7,105000,350,40.2432,2.3517225806451614
2,10000,50,21.741568,0.6653184713375797
4,40000,50,27.336704,1.3265159235668789
4,60000,50,31.797248,1.3968707482993197
1,5000,250,19.12832,0.339775641025641
4,40000,250,27.324416,1.3151139240506329
8,120000,250,43.126784,2.759986928104575
1,5000,450,19.3536,0.3348917197452229
2,20000,450,22.130688,0.671759493670886
7,105000,450,41.148416,2.336134615384616
4,20000,450,27.312128,1.3519683544303798
3,30000,450,24.469504,1.010897435897436
4,60000,450,32.366592,1.3577784810126583
4,20000,450,26.902528,1.3372064516129032
6,60000,450,32.661504,2.014367741935484
4,60000,450,32.82944,1.339088050314465
4,20000,150,27.234304,1.32804375
5,50000,150,30.089216,1.646127388535032
6,90000,150,37.392384,1.9889554140127388
3,15000,350,24.465408,0.9860931677018634
2,20000,350,21.778432,0.6740580645161289
6,90000,350,37.388288,2.003070512820513
4,20000,350,27.099136,1.319451612903226
2,20000,350,21.803008,0.6695128205128205
8,120000,350,43.675648,2.6867419354838717
1,5000,350,19.243008,0.337602564102564
2,20000,350,21.93408,0.6758258064516129
5,75000,350,35.270656,1.6694807692307692
3,15000,350,24.190976,1.0094645161290323
3,30000,350,24.18688,1.0075696202531643
5,75000,350,35.078144,1.6599299363057325
3,15000,250,24.485888,1.010025806451613
6,60000,250,33.058816,2.066066225165563
8,120000,250,44.167168,2.7396315789473684
4,20000,450,27.631616,1.3445290322580643
6,60000,450,32.403456,2.016690322580645
7,105000,450,40.894464,2.360193548387097
3,15000,150,24.576,1.0087483870967742
4,40000,150,27.041792,1.3257452229299362
7,105000,150,40.947712,2.364090322580645
1,5000,250,18.939904,0.3368782051282051
5,50000,250,30.240768,1.6808141025641028
4,60000,250,32.346112,1.3458076923076925
1,5000,50,19.288064,0.3378757763975155
4,40000,50,27.078656,1.324522292993631
5,75000,50,35.24608,1.6609423076923078
2,10000,150,21.815296,0.6630506329113923
5,50000,150,29.81888,1.6703397435897436
8,120000,150,43.4176,2.6757018633540373
2,10000,250,21.426176,0.67
2,20000,250,22.15936,0.6637232704402516
5,75000,250,35.49184,1.7026535947712418
3,15000,250,24.846336,0.9973821656050956
2,20000,250,22.171648,0.6641538461538461
4,60000,250,32.493568,1.38117880794702
1,5000,50,19.116032,0.3358076923076923
4,40000,50,27.086848,1.3111698113207548
6,90000,50,37.654528,1.988076433121019
2,10000,450,21.712896,0.6740322580645162
4,40000,450,27.389952,1.3445290322580643
4,60000,450,32.62464,1.339141935483871
4,20000,450,27.283456,1.3529935064935064
5,50000,450,30.318592,1.6864967741935484
5,75000,450,35.487744,1.6803354838709676
1,5000,150,19.349504,0.3748509316770186
2,20000,150,21.89312,0.6690961538461538
6,90000,150,38.367232,1.985471337579618
3,15000,50,24.461312,0.9875095541401274
3,30000,50,24.416256,0.997936305732484
4,60000,50,32.382976,1.3370127388535034
4,20000,50,27.21792,1.303
2,20000,50,21.999616,0.6607468354430379
4,60000,50,32.21504,1.3432662337662338
2,10000,250,21.66784,0.6596540880503144
5,50000,250,29.904896,1.675458064516129
8,120000,250,43.687936,2.686258064516129
2,10000,250,21.905408,0.6615822784810127
3,30000,250,24.39168,1.0093935483870968
7,105000,250,41.5744,2.351174193548387
2,10000,450,21.54496,0.6689294871794872
3,30000,450,24.30976,1.0030320512820514
8,120000,450,44.306432,2.7035064935064934
2,10000,50,21.733376,0.6525375
5,50000,50,29.581312,1.6383270440251572
4,60000,50,32.591872,1.319481012658228
3,15000,150,24.457216,1.0162402597402598
2,20000,150,22.142976,0.6653694267515924
4,60000,150,32.5632,1.3497419354838711
4,20000,350,27.25888,1.3452530864197532
4,40000,350,27.222016,1.3362051282051282
6,90000,350,38.162432,2.0088580645161294
3,15000,150,24.375296,1.0097806451612903
4,40000,150,27.099136,1.3262993630573248
6,90000,150,38.846464,1.9964679487179489
3,15000,350,24.518656,1.0014203821656051
4,40000,350,27.2384,1.3443354838709678
6,90000,350,38.162432,2.007603773584905
4,20000,450,26.89024,1.3450129032258065
2,20000,450,21.618688,0.710687074829932
8,120000,450,38.162432,2.6692756410256413
4,20000,350,27.430912,1.3367179487179488
5,50000,350,30.175232,1.6908441558441558
4,60000,350,29.02016,1.362941176470588
2,10000,250,21.671936,0.6698269230769232
3,30000,250,24.363008,1.0116875
6,90000,250,34.779136,2.001339743589744
3,15000,50,24.526848,0.9721863354037268
3,30000,50,23.883776,0.9888481012658228
7,105000,50,37.634048,2.320605095541401
3,15000,350,24.576,1.0035833333333333
3,30000,350,24.485888,1.0035192307692309
7,105000,350,38.006784,2.3653636363636363
2,10000,350,21.475328,0.6783741935483871
6,60000,350,32.493568,2.0157096774193546
5,75000,350,32.763904,1.679883870967742
1,5000,450,18.931712,0.3361346153846153
5,50000,450,29.847552,1.6804258064516129
8,120000,450,41.75872,2.6695192307692306
1,5000,50,19.124224,0.410639751552795
5,50000,50,29.687808,1.6673885350318471
8,120000,50,42.860544,2.6457025316455693
2,10000,450,21.663744,0.6665859872611466
2,20000,450,21.843968,0.6666496815286624
7,105000,450,39.804928,2.335839743589744
4,20000,150,26.816512,1.319006329113924
3,30000,150,24.510464,0.997407643312102
4,60000,150,32.108544,1.3541753246753243
1,5000,450,19.222528,0.3364487179487179
3,30000,450,24.297472,0.9968025477707004
6,90000,450,38.330368,2.0037612903225805
4,20000,250,27.025408,1.3355576923076922
3,30000,250,24.301568,1.0065741935483872
5,75000,250,35.270656,1.6691858974358975
4,20000,450,26.99264,1.3362179487179486
2,20000,450,22.065152,0.6777532467532467
4,60000,450,31.797248,1.3417870967741936
1,5000,350,18.935808,0.3870802469135803
6,60000,350,32.579584,2.027331168831169
6,90000,350,37.64224,2.042450980392157
2,10000,450,21.925888,0.675767741935484
6,60000,450,32.448512,2.025441558441558
5,75000,450,30.232576,1.6804967741935484
4,20000,250,27.226112,1.3301354838709678
2,20000,250,22.028288,0.6692307692307692
8,120000,250,39.534592,2.653897435897436
2,10000,50,22.028288,0.6591490683229815
5,50000,50,29.528064,1.640681818181818
6,90000,50,34.11968,1.98771974522293
2,10000,350,21.520384,0.6766
6,60000,350,32.735232,2.028632258064516
6,90000,350,34.414592,2.014670967741936
3,15000,450,24.530944,0.9905316455696204
4,40000,450,27.136,1.3355448717948717
5,75000,450,32.182272,1.673948717948718
3,15000,350,24.383488,0.9944102564102564
2,20000,350,21.774336,0.6647643312101912
7,105000,350,38.383616,2.4290000000000003
1,5000,250,19.316736,0.3391428571428572
3,30000,250,24.576,1.0041623376623376
7,105000,250,38.703104,2.368246753246753
4,20000,50,27.242496,1.2946770186335406
4,40000,50,27.480064,1.345141935483871
6,90000,50,36.102144,1.9776114649681529
1,5000,450,19.070976,0.3390645161290322
5,50000,450,30.035968,1.6782709677419354
6,90000,450,36.47488,2.0264675324675325
1,5000,350,18.993152,0.3389483870967741
6,60000,350,32.817152,2.014774193548387
7,105000,350,40.349696,2.374094339622641
2,10000,250,21.87264,0.6617025316455696
2,20000,250,22.183936,0.663516339869281
4,60000,250,32.333824,1.3283184713375795
3,15000,50,24.674304,0.97789375
4,40000,50,27.01312,1.3411038961038964
6,90000,50,37.45792,2.038091503267974
3,15000,150,24.612864,0.9846918238993712
5,50000,150,30.212096,1.6689102564102565
4,60000,150,31.985664,1.3379551282051283
3,15000,350,24.35072,1.0097548387096775
5,50000,350,29.319168,1.6917012987012985
7,105000,350,39.677952,2.350741935483871
1,5000,50,19.124224,0.4112215189873418
3,30000,50,25.174016,0.9905732484076434
8,120000,50,42.545152,2.717438271604938
2,10000,350,21.942272,0.6696153846153846
5,50000,350,30.171136,1.680058064516129
7,105000,350,40.062976,2.3729079754601226
1,5000,150,19.369984,0.3323229813664596
6,60000,150,32.473088,2.0517935483870966
6,90000,150,36.777984,2.0374675324675326
4,20000,250,26.959872,1.3358205128205127
2,20000,250,22.249472,0.664891719745223
6,90000,250,36.94592,2.024367741935484
3,15000,150,24.256512,1.0024615384615383
3,30000,150,24.84224,1.0157106918238994
6,90000,150,37.081088,1.989261146496815
1,5000,350,19.267584,0.3408765432098765
3,30000,350,24.936448,1.018044585987261
5,75000,350,33.906688,1.6865769230769232
1,5000,250,19.2512,0.3390193548387096
6,60000,250,32.116736,2.0139290322580643
7,105000,250,40.062976,2.348567741935484
3,15000,50,24.55552,0.990025316455696
3,30000,50,24.530944,0.9823417721518988
6,90000,50,37.195776,2.0326688311688312
4,20000,150,27.021312,1.306746835443038
2,20000,150,21.835776,0.6782547770700637
6,90000,150,37.298176,2.0030192307692305
3,15000,450,24.383488,1.0156038961038962
5,50000,450,29.597696,1.6740387096774192
5,75000,450,34.820096,1.6697307692307692
2,10000,250,21.721088,0.6639316770186334
4,40000,250,27.152384,1.3408025477707006
4,60000,250,31.6416,1.3485961538461535
4,20000,150,27.168768,1.3371410256410257
4,40000,150,27.303936,1.3283821656050956
4,60000,150,32.075776,1.319784810126582
3,15000,150,24.190976,0.9779125
5,50000,150,29.597696,1.6697628205128203
8,120000,150,42.96704,2.6778589743589745
4,20000,450,27.451392,1.3443612903225808
3,30000,450,24.686592,1.0295986842105262
8,120000,450,43.33568,2.685677419354839
4,20000,450,27.025408,1.3326666666666669
3,30000,450,24.485888,1.0298618421052632
6,90000,450,37.756928,2.0034331210191083
4,20000,50,27.041792,1.30034375
6,60000,50,32.288768,2.014025641025641
4,60000,50,31.78496,1.3354871794871794
3,15000,150,24.653824,0.9834331210191084
2,20000,150,22.007808,0.6828300653594771
6,90000,150,37.822464,2.005929487179487
1,5000,250,18.948096,0.3406623376623376
2,20000,250,21.905408,0.6655222929936305
8,120000,250,37.773312,2.703474025974026
1,5000,350,19.267584,0.3364679487179487
2,20000,350,21.925888,0.6652611464968152
6,90000,350,33.718272,2.0140838709677418
4,20000,450,27.426816,1.317145569620253
3,30000,450,24.551424,1.0083207547169812
7,105000,450,37.113856,2.3668343949044583
1,5000,450,19.206144,0.337108280254777
5,50000,450,29.827072,1.6916298701298702
4,60000,450,29.55264,1.339393548387097
3,15000,350,24.252416,1.002474358974359
5,50000,350,29.958144,1.6821233766233767
8,120000,350,40.513536,2.685974193548387
3,15000,250,24.813568,1.0145320512820513
3,30000,250,24.776704,1.0112967741935484
6,90000,250,35.950592,2.01073717948718
4,20000,250,27.078656,1.3452322580645162
5,50000,250,29.908992,1.6589299363057326
4,60000,250,30.232576,1.3973483870967742
3,15000,150,24.383488,0.9653827160493827
6,60000,150,32.288768,2.000442307692308
7,105000,150,39.022592,2.364915584415584
3,15000,250,24.285184,1.0189281045751637
3,30000,250,24.403968,1.0270064935064935
8,120000,250,41.885696,2.6695192307692306
2,10000,150,21.823488,0.6658535031847134
2,20000,150,21.64736,0.6607784810126582
7,105000,150,40.1408,2.33650641025641
2,10000,350,21.712896,0.6690320512820513
4,40000,350,26.918912,1.3349807692307691
6,90000,350,37.613568,2.002525641025641
2,10000,450,22.061056,0.6731483870967742
6,60000,450,32.456704,2.015509677419355
7,105000,450,41.148416,2.3496193548387097
1,5000,350,18.853888,0.3406948051948052
6,60000,350,33.112064,2.002782051282052
5,75000,350,33.718272,1.6792129032258063
4,20000,450,27.439104,1.3291548387096774
5,50000,450,29.966336,1.6889545454545454
6,90000,450,37.224448,2.01224375
2,10000,150,21.798912,0.6692756410256411
4,40000,150,27.303936,1.336173076923077
4,60000,150,30.547968,1.3354679487179488
3,15000,150,24.276992,0.9779503105590062
4,40000,150,27.193344,1.3359615384615384
4,60000,150,30.892032,1.3838310810810812
3,15000,250,24.408064,1.0081483870967742
4,40000,250,28.000256,1.319879746835443
4,60000,250,30.736384,1.3814615384615383
1,5000,450,19.075072,0.3370322580645161
5,50000,450,29.585408,1.6700880503144655
5,75000,450,34.459648,1.6791290322580643
4,20000,50,26.86976,1.327885350318471
4,40000,50,27.144192,1.3354230769230768
8,120000,50,42.647552,2.6190566037735854
1,5000,350,19.193856,0.3383483870967742
6,60000,350,32.821248,2.015787096774193
8,120000,350,42.831872,2.7036298701298698
2,10000,450,21.737472,0.6742774193548386
5,50000,450,29.85984,1.6646923076923077
8,120000,450,37.60128,2.70437012987013
4,20000,250,27.316224,1.353396103896104
2,20000,250,22.05696,0.6700769230769231
7,105000,250,36.614144,2.365778523489933
1,5000,150,18.960384,0.3374666666666667
3,30000,150,24.395776,1.0341870967741935
6,90000,150,33.947648,2.1059795918367348
4,20000,450,27.3408,1.353896103896104
6,60000,450,33.521664,2.0063612903225807
5,75000,450,31.842304,1.6791806451612905
1,5000,150,18.878464,0.3344076433121019
4,40000,150,27.308032,1.3310128205128204
5,75000,150,32.362496,1.6702756410256412
1,5000,250,19.304448,0.3379556962025316
2,20000,250,22.081536,0.661753164556962
4,60000,250,29.732864,1.340506329113924
2,10000,50,21.864448,0.6699807692307692
3,30000,50,24.28928,0.9845220125786164
6,90000,50,35.254272,2.0147161290322577
4,20000,150,27.15648,1.3451612903225807
2,20000,150,21.745664,0.707591836734694
4,60000,150,29.810688,1.3448322580645162
4,20000,350,27.17696,1.3361794871794872
2,20000,350,21.856256,0.6749806451612904
5,75000,350,32.935936,1.680640718562874
2,10000,150,22.142976,0.6705696202531646
3,30000,150,24.465408,0.987248447204969
5,75000,150,33.34144,1.6820387096774194
1,5000,450,19.378176,0.389395061728395
2,20000,450,22.155264,0.6734161073825504
5,75000,450,33.73056,1.8650993788819876
2,10000,150,21.762048,0.6818366013071896
6,60000,150,32.70656,1.9768544303797468
6,90000,150,37.535744,2.00461935483871
1,5000,150,18.702336,0.3397012987012987
4,40000,150,27.32032,1.3283184713375795
4,60000,150,32.9728,1.3516688311688312
1,5000,250,19.095552,0.3368205128205128
6,60000,250,33.026048,2.001937062937063
4,60000,250,32.07168,1.3351153846153845
2,10000,350,21.700608,0.6807820512820513
6,60000,350,32.817152,2.0294350649350648
8,120000,350,43.749376,2.6875935483870967
4,20000,250,27.111424,1.3358846153846151
4,40000,250,26.796032,1.3449161290322582
7,105000,250,39.817216,2.37981045751634
2,10000,350,22.085632,0.6691180124223604
3,30000,350,24.53504,1.009283870967742
6,90000,350,36.7616,2.0031089743589745
1,5000,50,19.361792,0.389030487804878
2,20000,50,21.991424,0.6572893081761007
5,75000,50,34.226176,1.6748216560509557
2,10000,50,21.635072,0.6634140127388535
5,50000,50,30.150656,1.648367088607595
8,120000,50,42.344448,2.6514166666666665
3,15000,450,24.743936,0.9991032258064516
3,30000,450,24.793088,1.013217948717949
6,90000,450,37.203968,2.166593548387097
1,5000,450,19.206144,0.409873417721519
4,40000,450,27.635712,1.3422516129032258
4,60000,450,31.727616,1.341597402597403
3,15000,450,24.510464,1.000751592356688
2,20000,450,21.66784,0.6652101910828025
4,60000,450,30.98624,1.410603896103896
1,5000,50,19.06688,0.3323726708074534
4,40000,50,26.963968,1.3362179487179486
4,60000,50,30.846976,1.337397435897436
1,5000,150,19.050496,0.3854099378881987
3,30000,150,24.936448,1.00944375
5,75000,150,34.066432,1.7099542483660128
1,5000,250,19.243008,0.3383677419354838
3,30000,250,24.109056,1.002775641025641
6,90000,250,36.696064,1.9899235668789808
1,5000,350,19.324928,0.3344629629629629
4,40000,350,26.779648,1.3455935483870969
5,75000,350,34.381824,1.7014117647058824
3,15000,50,24.522752,0.9764367088607596
4,40000,50,27.131904,1.3365
7,105000,50,40.046592,2.349559210526316
4,20000,50,27.303936,1.2824347826086957
5,50000,50,29.671424,1.685744966442953
4,60000,50,31.66208,1.3449741935483872
3,15000,50,24.563712,0.9854113924050631
3,30000,50,24.715264,0.978425
5,75000,50,34.304,1.6589808917197453
2,10000,50,21.590016,0.6622405063291139
6,60000,50,33.0752,1.9525
7,105000,50,40.083456,2.3643896103896105
4,20000,250,27.136,1.3315290322580644
3,30000,250,24.621056,0.9945128205128204
7,105000,250,40.505344,2.366733766233766
3,15000,250,24.633344,1.002775641025641
3,30000,250,24.322048,1.0267142857142857
5,75000,250,34.607104,1.669544871794872
4,20000,150,27.234304,1.336019230769231
4,40000,150,27.148288,1.310440251572327
8,120000,150,43.474944,2.684245161290322
3,15000,50,24.735744,0.9722422360248448
6,60000,50,32.714752,2.037528662420382
8,120000,50,42.930176,2.7167908496732025
2,10000,150,21.848064,0.6699166666666667
2,20000,150,21.970944,0.6655350318471337
6,90000,150,37.699584,2.022812903225806
3,15000,450,24.580096,1.0127337662337663
6,60000,450,32.428032,2.015974193548387
6,90000,450,38.207488,2.015974193548387
2,10000,250,21.540864,0.6813525641025641
3,30000,250,24.354816,1.0047692307692309
8,120000,250,43.483136,2.7032077922077926
1,5000,50,19.144704,0.3377783505154639
5,50000,50,29.437952,1.648639240506329
4,60000,50,31.4368,1.3399677419354838
4,20000,50,27.324416,1.2938695652173913
6,60000,50,32.526336,2.0008653846153845
7,105000,50,40.050688,2.351741935483871
3,15000,150,24.559616,0.9854
4,40000,150,27.328512,1.345651612903226
5,75000,150,34.566144,1.6704551282051283
1,5000,250,18.993152,0.3328227848101266
4,40000,250,27.21792,1.3312628205128203
6,90000,250,37.388288,2.03621568627451
4,20000,250,27.2384,1.3117169811320757
5,50000,250,29.67552,1.6783419354838711
5,75000,250,35.213312,1.6762451612903226
4,20000,150,26.84928,1.331248407643312
3,30000,150,24.461312,0.9842611464968152
5,75000,150,35.016704,1.6927935483870968
2,10000,50,22.024192,0.6540875
2,20000,50,21.85216,0.6713589743589743
8,120000,50,43.044864,2.631127388535032
2,10000,450,22.048768,0.6790454545454545
3,30000,450,24.752128,1.003217948717949
6,90000,450,38.068224,2.015490322580645
3,15000,250,24.612864,1.0085806451612902
4,40000,250,26.791936,1.3536233766233765
8,120000,250,43.147264,2.701071428571429
3,15000,50,24.326144,0.997476821192053
2,20000,50,21.827584,0.6578805031446542
8,120000,50,42.27072,2.6613589743589743
1,5000,50,19.234816,0.3453856209150326
3,30000,50,24.723456,0.9901392405063292
5,75000,50,34.172928,1.6673397435897437
2,10000,450,21.8112,0.6745548387096774
4,40000,450,27.226112,1.3376858974358974
5,75000,450,29.683712,1.689707792207792
3,15000,150,24.363008,1.003025641025641
6,60000,150,32.116736,1.9943057324840765
5,75000,150,31.285248,1.646721518987342
1,5000,350,19.33312,0.383963190184049
2,20000,350,21.590016,0.6674458598726114
4,60000,350,28.680192,1.3741363636363635
1,5000,450,18.944,0.3379999999999999
6,60000,450,32.70656,2.073158940397351
8,120000,450,40.28416,2.686509677419355
1,5000,250,19.124224,0.3372466666666667
4,40000,250,27.254784,1.3326858974358973
4,60000,250,29.523968,1.3302129032258063
3,15000,250,24.322048,0.992527950310559
6,60000,250,32.423936,2.012916129032258
7,105000,250,38.227968,2.3803594771241827
1,5000,150,19.27168,0.3323417721518987
2,20000,150,21.786624,0.6651082802547771
5,75000,150,33.038336,1.6585095541401274
2,10000,150,21.987328,0.6609873417721519
2,20000,150,21.778432,0.6771199999999999
8,120000,150,42.06592,2.669628205128205
4,20000,250,27.136,1.3455576923076924
3,30000,250,24.45312,0.9969144736842104
4,60000,250,30.916608,1.336397435897436
3,15000,350,24.743936,1.0032307692307691
5,50000,350,29.171712,1.6913376623376624
6,90000,350,36.814848,2.0016369426751592
2,10000,250,21.553152,0.6572075471698113
2,20000,250,21.962752,0.675051948051948
8,120000,250,43.163648,2.7024025974025974
1,5000,150,19.18976,0.3434421052631579
2,20000,150,22.147072,0.6668846153846154
4,60000,150,32.292864,1.336153846153846
2,10000,450,21.692416,0.6644649681528663
2,20000,450,21.643264,0.6652738853503184
6,90000,450,38.699008,2.027350318471337
4,20000,350,27.365376,1.3427870967741935
5,50000,350,29.83936,1.6916103896103896
6,90000,350,36.716544,2.015548387096774
1,5000,350,19.058688,0.33675
5,50000,350,29.73696,1.6770440251572327
6,90000,350,36.59776,2.002352564102564
4,20000,350,27.160576,1.313471337579618
4,40000,350,26.89024,1.3527662337662338
4,60000,350,31.137792,1.352647435897436
1,5000,150,19.464192,0.3347324840764331
2,20000,150,21.929984,0.6700641025641025
7,105000,150,40.013824,2.335544871794872
3,15000,50,24.178688,1.0027948717948718
5,50000,50,29.81888,1.6383710691823898
7,105000,50,40.034304,2.316923076923077
2,10000,50,21.884928,0.6534
6,60000,50,32.796672,1.9912101910828024
4,60000,50,31.285248,1.3517597402597403
1,5000,50,19.197952,0.3294716981132075
2,20000,50,21.843968,0.6664437086092716
8,120000,50,42.942464,2.7959155844155843
4,20000,250,27.058176,1.3446709677419355
6,60000,250,33.132544,2.0016602564102564
7,105000,250,40.05888,2.3533701298701297
3,15000,350,24.424448,1.0029679487179486
3,30000,350,24.731648,1.017512987012987
4,60000,350,31.932416,1.35624025974026
1,5000,50,19.439616,0.3303899371069182
2,20000,50,21.44256,0.6695949367088607
6,90000,50,37.25312,1.985859872611465
3,15000,150,24.424448,0.9941949685534592
3,30000,150,24.485888,1.0045833333333334
7,105000,150,40.636416,2.366871951219512
2,10000,350,21.921792,0.6713648648648649
5,50000,350,30.007296,1.6696282051282052
4,60000,350,32.169984,1.3893466666666667
1,5000,350,19.136512,0.3366769230769231
3,30000,350,24.838144,0.9977006369426752
6,90000,350,37.322752,2.029392156862745
3,15000,350,24.502272,1.009690322580645
4,40000,350,27.496448,1.3598471337579618
5,75000,350,34.545664,1.6937272727272727
4,20000,50,27.103232,1.2950931677018636
6,60000,50,32.09216,2.004141935483871
8,120000,50,42.897408,2.6932987012987013
1,5000,450,19.08736,0.3374935897435898
3,30000,450,24.481792,0.9988089171974522
4,60000,450,31.944704,1.3392993630573249
1,5000,150,19.3536,0.3308490566037736
5,50000,150,29.499392,1.6484113924050634
8,120000,150,43.503616,2.71981045751634
2,10000,350,21.716992,0.678171974522293
2,20000,350,21.843968,0.6786305732484077
6,90000,350,37.707776,2.004455621301775
4,20000,350,26.763264,1.3247452229299364
3,30000,350,24.322048,1.009741935483871
7,105000,350,40.374272,2.351225806451613
3,15000,450,24.428544,1.0089032258064516
6,60000,450,32.74752,2.03014935064935
5,75000,450,34.742272,1.6697884615384615
3,15000,150,24.395776,1.0027243589743589
5,50000,150,29.671424,1.6668333333333332
6,90000,150,37.638144,2.0026153846153845
1,5000,450,19.12832,0.3368525641025641
4,40000,450,27.410432,1.352083870967742
5,75000,450,34.852864,1.6907077922077924
2,10000,150,21.573632,0.6693076923076923
4,40000,150,26.955776,1.3366666666666664
5,75000,150,29.556736,1.658955414012739
1,5000,450,19.247104,0.342258064516129
4,40000,450,27.119616,1.3454387096774192
8,120000,450,38.83008,2.677116883116883
1,5000,250,19.283968,0.3407597402597402
4,40000,250,26.99264,1.3505
5,75000,250,31.453184,1.6929807692307692
3,15000,50,24.4736,0.9971337579617834
2,20000,50,21.95456,0.6711538461538462
7,105000,50,37.515264,2.351503225806452
3,15000,350,24.702976,0.996815286624204
6,60000,350,32.854016,2.041699346405229
7,105000,350,37.691392,2.351174193548387
4,20000,350,26.976256,1.3542012987012986
6,60000,350,32.739328,2.025461038961039
6,90000,350,35.2256,2.0172371794871795
1,5000,150,19.185664,0.3389032258064516
6,60000,150,32.866304,2.0155870967741936
7,105000,150,34.971648,2.3789415584415585
2,10000,50,21.42208,0.662879746835443
2,20000,50,21.630976,0.6742709677419355
5,75000,50,30.257152,1.6872402597402596
1,5000,450,19.095552,0.3381772151898734
2,20000,450,21.827584,0.6700943396226415
4,60000,450,28.049408,1.344683870967742
1,5000,150,19.304448,0.34275
3,30000,150,24.039424,1.0081483870967742
8,120000,150,39.563264,2.668205128205128
4,20000,450,27.516928,1.3450903225806452
4,40000,450,27.230208,1.3500192307692307
6,90000,450,34.87744,2.0029166666666667
1,5000,350,19.013632,0.3434575163398692
5,50000,350,29.9008,1.6827307692307691
8,120000,350,40.476672,2.6869096774193544
4,20000,350,27.262976,1.326127388535032
6,60000,350,32.292864,1.9905796178343949
4,60000,350,29.720576,1.3563806451612903
3,15000,250,24.625152,1.003301282051282
6,60000,250,32.382976,1.981670886075949
4,60000,250,29.999104,1.3368322580645162
2,10000,450,21.876736,0.674083870967742
5,50000,450,29.933568,1.6789483870967743
7,105000,450,39.006208,2.3585584415584417
1,5000,50,18.956288,0.3314150943396226
5,50000,50,30.113792,1.6535064102564103
7,105000,50,39.993344,2.344083870967742
1,5000,250,19.062784,0.3390064516129032
5,50000,250,29.687808,1.6802
8,120000,250,42.696704,2.688703225806451
2,10000,250,21.856256,0.6619936708860759
6,60000,250,32.694272,2.472730392156863
5,75000,250,34.701312,1.9795802469135804
2,10000,350,21.860352,0.6718709677419354
2,20000,350,21.590016,0.6704807692307692
4,60000,350,32.09216,1.3283312101910827
3,15000,450,24.190976,1.0098774193548388
6,60000,450,32.362496,2.7597332185886403
8,120000,450,42.450944,3.6757934595524953
3,15000,50,24.440832,1.0030705128205128
2,20000,50,22.171648,0.6665500000000001
4,60000,50,30.953472,1.3277770700636942
1,5000,250,19.402752,0.3378516129032258
5,50000,250,30.298112,1.679774193548387
7,105000,250,39.698432,2.3675064935064936
1,5000,450,19.39456,0.3340573248407643
2,20000,450,22.106112,0.6723481012658228
6,90000,450,36.892672,2.0282727272727272
2,10000,350,22.208512,3.04580578898226
4,40000,350,27.209728,2.5848374125874125
5,75000,350,34.353152,5.221564814814816
4,20000,350,27.574272,1.3487806451612905
2,20000,350,22.13888,0.6779675324675325
4,60000,350,31.113216,1.3544935064935064
2,10000,50,21.561344,0.65205625
5,50000,50,29.71648,1.6316894409937888
7,105000,50,39.350272,2.3344871794871795
2,10000,150,21.74976,0.6651847133757961
5,50000,150,30.138368,1.6481139240506328
4,60000,150,31.064064,1.326579617834395
2,10000,150,21.639168,0.6657770700636944
3,30000,150,24.768512,1.0077577639751554
7,105000,150,39.923712,2.3372738853503185
3,15000,50,24.584192,0.9948717948717948
4,40000,50,26.898432,1.3276496815286625
8,120000,50,42.491904,2.718777777777777
3,15000,350,24.498176,1.9062868632707772
6,60000,350,32.468992,3.455817391304348
8,120000,350,42.774528,21.4678625
4,20000,150,27.287552,1.3337115384615383
5,50000,150,29.61408,1.6695897435897435
8,120000,150,42.3936,2.675632258064516
3,15000,50,24.272896,1.0024294871794872
5,50000,50,29.55264,1.6658333333333333
4,60000,50,26.923008,1.3266772151898734
3,15000,350,24.584192,1.0095354838709678
4,40000,350,27.086848,1.3511428571428572
7,105000,350,35.393536,2.367948051948052
1,5000,350,18.98496,0.3469624999999999
5,50000,350,30.134272,1.6805870967741934
4,60000,350,28.602368,1.3957979274611398
4,20000,450,27.46368,3.037995145631068
5,50000,450,29.92128,2.2408231884057974
7,105000,450,37.666816,3.1780512987012988
4,20000,350,27.17696,1.3448967741935485
2,20000,350,21.99552,0.67594375
7,105000,350,35.196928,2.3621858974358974
1,5000,450,19.2512,2.5000652818991096
6,60000,450,32.473088,17.871757246376813
7,105000,450,36.667392,20.201136842105264
2,10000,250,21.889024,0.6736
4,40000,250,27.308032,1.3363397435897435
8,120000,250,39.837696,2.6831717791411043
3,15000,350,24.252416,1.0097290322580643
3,30000,350,24.49408,1.0064645161290322
8,120000,350,40.108032,2.693890322580645
2,10000,250,22.13888,1.852346968590212
4,40000,250,26.947584,1.9653192488262912
7,105000,250,37.84704,10.009918882978724
2,10000,150,21.635072,0.6571383647798743
6,60000,150,32.428032,2.0116709677419355
4,60000,150,29.822976,1.3383037974683545
2,10000,350,21.807104,0.6755345911949685
2,20000,350,21.737472,0.6740193548387097
7,105000,350,38.531072,2.3436089743589745
1,5000,350,19.238912,0.3850426829268293
5,50000,350,29.794304,1.6582738853503185
5,75000,350,33.226752,1.6691602564102563
3,15000,150,24.064,0.9981290322580644
3,30000,150,24.30976,0.9959230769230768
8,120000,150,41.832448,2.6214050632911388
4,20000,250,27.160576,2.313112621359223
6,60000,250,32.960512,2.899347572815534
4,60000,250,30.810112,9.154407313997478
1,5000,150,18.952192,0.3369813664596273
3,30000,150,24.375296,1.0242662337662338
7,105000,150,39.514112,2.3499548387096776
4,20000,50,27.205632,1.3279490445859874
2,20000,50,21.704704,0.6631187500000001
5,75000,50,34.533376,1.702516339869281
2,10000,350,21.671936,0.700132911392405
3,30000,350,24.539136,1.0167922077922078
4,60000,350,32.468992,1.3366282051282052
1,5000,350,19.255296,0.4090822784810127
3,30000,350,24.53504,1.0035316455696202
4,60000,350,31.940608,1.361908496732026
3,15000,450,24.571904,1.015551948051948
2,20000,450,21.700608,0.6808874172185431
7,105000,450,39.489536,2.3220127388535032
2,10000,350,22.188032,0.6747434210526315
2,20000,350,21.778432,0.6705548387096774
8,120000,350,42.278912,3.261821120689655
4,20000,50,27.136,1.3458258064516129
5,50000,50,29.978624,1.641132911392405
6,90000,50,36.139008,2.0038846153846155
1,5000,150,18.960384,0.4967484008528784
5,50000,150,29.843456,2.4492738041002275
5,75000,150,33.554432,4.404584011843079
2,10000,450,21.680128,0.6721225806451613
6,60000,450,32.468992,2.290208616780045
8,120000,450,42.635264,2.825922600619195
2,10000,450,21.83168,0.9388582834331336
5,50000,450,30.109696,3.2069060913705583
5,75000,450,34.603008,3.152758823529412
4,20000,350,27.062272,1.336121794871795
4,40000,350,27.87328,1.4874285714285715
7,105000,350,39.804928,2.645847826086957
4,20000,50,27.131904,1.6391584699453552
3,30000,50,24.39168,1.2572569832402234
5,75000,50,34.111488,1.953747747747748
4,20000,350,27.090944,3.9070738197424895
5,50000,350,29.45024,2.799856557377049
8,120000,350,42.819584,4.340740458015267
4,20000,150,27.017216,1.3451290322580645
6,60000,150,32.673792,2.001589743589744
5,75000,150,34.742272,1.680058064516129
3,15000,250,24.129536,1.0029615384615385
5,50000,250,29.822976,1.6690064102564104
5,75000,250,34.287616,1.6921298701298702
4,20000,450,27.123712,1.3191913580246917
5,50000,450,29.724672,1.6919025974025974
8,120000,450,43.49952,3.323490322580645
3,15000,50,24.150016,2.0991955617198337
2,20000,50,22.171648,1.5661247892074197
6,90000,50,36.634624,2.679308730873087
2,10000,450,21.68832,1.5263997856377278
4,40000,450,27.480064,10.644966666666669
6,90000,450,37.453824,4.792210799584631
4,20000,150,26.755072,3.493955399061033
2,20000,150,21.99552,2.653631195335277
7,105000,150,34.947072,8.343551212938005
1,5000,50,18.993152,0.3284037267080745
6,60000,50,32.800768,1.9536
8,120000,50,38.109184,2.634506329113924
1,5000,450,19.357696,0.3678333333333333
4,40000,450,26.976256,1.3535194805194806
7,105000,450,36.00384,6.272679245283019
1,5000,250,19.042304,0.8104815235929506
6,60000,250,32.055296,2.0919225806451616
5,75000,250,31.465472,2.457378977272727
4,20000,450,27.291648,1.6061330891330892
4,40000,450,26.923008,1.428254189944134
7,105000,450,37.773312,2.7721528117359413
4,20000,50,26.80832,1.3015776397515526
3,30000,50,24.260608,1.009606451612903
8,120000,50,40.574976,2.650757961783439
2,10000,250,22.044672,0.965
3,30000,250,24.358912,1.4523659942363112
4,60000,250,29.790208,5.8
3,15000,150,24.63744,0.9834779874213836
2,20000,150,21.716992,0.6658461538461538
7,105000,150,38.52288,2.334179487179487
4,20000,250,26.836992,1.3372820512820514
4,40000,250,26.996736,1.3456774193548386
5,75000,250,33.11616,1.6891948051948051
2,10000,50,21.815296,0.6605350318471337
2,20000,50,21.54496,0.6654203821656051
4,60000,50,30.470144,1.356792207792208
3,15000,50,24.281088,0.9958025477707008
6,60000,50,33.165312,2.655844758064516
5,75000,50,33.714176,2.124339622641509
1,5000,250,18.944,0.9650141676505312
5,50000,250,29.851648,5.918350380848748
6,90000,250,36.458496,3.055074585635359
1,5000,450,19.554304,0.3428888888888889
4,40000,450,26.927104,1.3420967741935483
6,90000,450,36.356096,2.0184585987261148
2,10000,350,21.794816,0.6564873417721518
4,40000,350,27.328512,3.3260672169811323
4,60000,350,32.280576,6.407621004566209
1,5000,450,19.030016,0.338301282051282
6,60000,450,32.768,2.055355263157894
5,75000,450,35.201024,1.7129210526315788
2,10000,250,21.655552,0.6656305732484076
5,50000,250,29.98272,1.8350422535211264
4,60000,250,30.84288,4.11379061784897
4,20000,250,27.17696,1.9782439655172408
5,50000,250,29.753344,3.732377431906615
8,120000,250,42.217472,3.979701436130008
2,10000,150,21.733376,0.764673835125448
3,30000,150,24.711168,1.2123728395061728
6,90000,150,36.888576,2.131637717121588
4,20000,150,27.291648,1.3345961538461537
5,50000,150,29.802496,1.6793096774193548
5,75000,150,33.923072,1.676455696202532
3,15000,250,24.182784,2.870090957165521
4,40000,250,27.389952,2.6923053465346536
6,90000,250,37.25312,4.642699543378996
3,15000,150,24.252416,1.002647435897436
5,50000,150,29.302784,1.6916623376623376
7,105000,150,39.60832,2.354769230769231
2,10000,150,21.74976,0.666343949044586
4,40000,150,27.81184,1.3248471337579617
7,105000,150,39.804928,2.4453825503355704
3,15000,250,24.838144,3.266090909090909
2,20000,250,21.83168,5.101390476190476
6,90000,250,37.39648,14.540778801843317
3,15000,250,24.137728,0.9908987341772152
2,20000,250,21.630976,0.6651464968152866
5,75000,250,34.332672,1.670352564102564
3,15000,250,24.629248,0.9967898089171974
2,20000,250,21.89312,0.6785714285714285
7,105000,250,39.944192,2.89819623655914
2,10000,50,22.003712,0.974915343915344
4,40000,50,26.820608,1.6717879746835442
5,75000,50,34.189312,3.8838461538461537
3,15000,50,24.829952,0.9960700636942676
6,60000,50,33.107968,2.003448717948718
6,90000,50,37.163008,1.988312101910828
1,5000,150,19.53792,0.4007577639751553
5,50000,150,30.375936,1.6695641025641026
4,60000,150,31.571968,1.3664024390243903
3,15000,350,24.481792,1.1976099290780142
4,40000,350,27.291648,1.620186046511628
4,60000,350,32.034816,1.6277265625
2,10000,450,22.163456,0.9763885057471264
6,60000,450,32.37888,3.520997412677878
4,60000,450,32.677888,3.145234133333333
4,20000,350,27.242496,1.3513311688311689
2,20000,350,21.9136,0.6649171974522293
6,90000,350,37.060608,2.01174358974359
1,5000,150,18.911232,0.4590893246187363
6,60000,150,32.673792,2.75039651416122
4,60000,150,31.117312,1.840914847161572
3,15000,250,24.707072,1.4816725388601035
6,60000,250,32.6656,4.419350282485875
5,75000,250,34.14016,3.674332394366197
2,10000,350,21.614592,0.7897101865136298
5,50000,350,29.917184,1.9555681818181816
8,120000,350,43.302912,2.7073809523809524
4,20000,450,27.103232,7.057556043956044
6,60000,450,32.768,10.603447136563878
8,120000,450,42.942464,11.19242777777778
3,15000,450,24.551424,2.0237864372469634
4,40000,450,27.578368,2.8393853658536585
7,105000,450,40.194048,4.151274336283186
4,20000,450,27.738112,1.4047465753424655
2,20000,450,21.778432,2.546757909215956
7,105000,450,40.05888,8.906700137551582
4,20000,250,27.021312,1.3171962025316457
2,20000,250,21.848064,0.6681592356687899
5,75000,250,33.861632,1.6708076923076922
2,10000,450,21.97504,2.552585959885387
2,20000,450,21.917696,2.3259869451697126
8,120000,450,42.5984,7.039025974025974
4,20000,150,27.574272,1.3276751592356688
3,30000,150,24.502272,1.009290322580645
7,105000,150,40.116224,2.3190891719745226
2,10000,250,21.655552,0.671640522875817
6,60000,250,32.37888,2.042777777777778
8,120000,250,42.586112,2.7093311688311688
3,15000,50,24.797184,0.983811320754717
6,60000,50,32.190464,2.002358974358974
4,60000,50,31.330304,1.3281847133757962
3,15000,450,24.322048,0.996407643312102
3,30000,450,24.666112,1.0098516129032258
4,60000,450,31.719424,1.664266375545851
4,20000,250,26.906624,2.284128048780488
2,20000,250,21.536768,2.353749684741488
4,60000,250,31.535104,6.286476793248945
2,10000,450,22.319104,0.6692129032258065
2,20000,450,21.856256,0.7159520547945206
4,60000,450,31.637504,5.3590317460317465
1,5000,250,19.079168,0.4048176100628931
3,30000,250,24.403968,1.0028269230769231
8,120000,250,43.15136,2.670570512820513
1,5000,250,19.099648,1.3951756373937676
6,60000,250,33.394688,10.537395437262358
6,90000,250,38.060032,11.010517928286852
1,5000,50,18.792448,0.398037037037037
3,30000,50,24.444928,1.1901488095238095
6,90000,50,38.043648,2.2778988095238093
3,15000,50,24.354816,0.9995605095541402
6,60000,50,32.411648,1.986503225806452
7,105000,50,40.40704,2.3361801242236027
3,15000,150,24.662016,1.003705128205128
6,60000,150,32.239616,2.040736842105263
8,120000,150,37.715968,2.6508471337579618
4,20000,150,26.755072,1.302075
4,40000,150,26.853376,1.3314430379746836
5,75000,150,30.224384,1.6813137254901962
3,15000,150,24.55552,1.01200641025641
5,50000,150,30.416896,1.677567741935484
5,75000,150,30.498816,1.8290038095238093
1,5000,450,18.86208,1.7869797794117648
6,60000,450,32.587776,9.497874720357942
4,60000,450,28.188672,9.557650259067357
4,20000,250,26.935296,1.3371666666666668
5,50000,250,29.925376,1.6951419354838708
6,90000,250,34.922496,1.9999615384615383
2,10000,50,21.880832,0.65283125
2,20000,50,21.598208,0.6620632911392405
6,90000,50,34.48832,2.0421699346405227
3,15000,250,24.264704,3.5350175029171527
5,50000,250,30.253056,2.69814085778781
8,120000,250,40.771584,4.266677419354839
3,15000,450,24.264704,0.9969808917197452
4,40000,450,27.25888,1.3432709677419354
4,60000,450,29.908992,1.336121794871795
2,10000,350,21.704704,0.6802371794871795
3,30000,350,25.001984,1.0094258064516128
8,120000,350,41.488384,4.174702222222223
4,20000,450,26.898432,3.363347107438017
4,40000,450,27.611136,3.286227272727273
4,60000,450,30.593024,3.352959619952494
3,15000,50,24.346624,0.9961656050955414
4,40000,50,27.267072,1.3108427672955971
5,75000,50,34.516992,1.658968152866242
3,15000,450,24.797184,1.0088451612903226
5,50000,450,29.999104,2.414766129032258
7,105000,450,40.722432,3.572150183150184
1,5000,150,19.095552,1.6799096138044374
4,40000,150,27.533312,3.0135131578947365
7,105000,150,40.07936,7.309177718832891
3,15000,50,24.121344,1.0019935897435897
5,50000,50,29.855744,1.630913043478261
6,90000,50,38.137856,1.9781835443037972
4,20000,50,27.17696,1.30268125
4,40000,50,27.082752,1.3191265822784808
4,60000,50,31.10912,1.407582191780822
4,20000,50,26.984448,1.2950683229813664
2,20000,50,22.044672,0.67121875
8,120000,50,43.159552,2.6515506329113925
2,10000,150,21.89312,0.6698910256410257
4,40000,150,27.537408,1.352525974025974
8,120000,150,42.287104,2.65240127388535
1,5000,50,19.320832,0.3402322580645161
2,20000,50,21.856256,0.6783012048192771
4,60000,50,31.227904,1.3415149700598803
3,15000,350,24.567808,0.9991096774193547
5,50000,350,29.913088,1.670320512820513
4,60000,350,31.834112,1.3643179190751444
1,5000,350,19.443712,2.402177215189873
4,40000,350,27.17696,12.293702928870294
7,105000,350,40.144896,16.088060606060605
2,10000,50,21.807104,0.6804358974358975
6,60000,50,32.116736,2.0331184210526314
6,90000,50,36.712448,2.1216310160427807
4,20000,250,27.230208,1.343974193548387
4,40000,250,27.213824,1.35437012987013
8,120000,250,42.713088,2.6693076923076924
1,5000,450,19.39456,11.014056338028167
2,20000,450,21.860352,20.43430065359477
8,120000,450,42.999808,76.1453090909091
4,20000,450,27.308032,3.5729050894085286
4,40000,450,27.447296,1.6915982636148383
5,75000,450,34.7136,3.442955555555556
2,10000,250,21.696512,0.708676724137931
5,50000,250,29.810688,2.375923076923077
7,105000,250,40.67328,3.3952836879432624
4,20000,450,27.189248,1.3256496815286625
3,30000,450,24.756224,1.001551282051282
5,75000,450,35.180544,1.669173076923077
1,5000,150,19.2512,0.3414480519480519
4,40000,150,27.172864,1.3433806451612904
8,120000,150,42.725376,2.635696202531645
4,20000,150,26.99264,1.3442193548387096
3,30000,150,24.662016,0.9968535031847134
8,120000,150,43.139072,2.722450980392157
3,15000,350,24.457216,1.3906245551601424
2,20000,350,22.007808,1.5156256062075657
5,75000,350,35.033088,3.7704514522821575
4,20000,150,27.230208,1.3367628205128204
3,30000,150,24.363008,1.0024102564102564
6,90000,150,37.814272,2.015167741935484
2,10000,350,21.958656,0.6740526315789473
6,60000,350,32.50176,2.016632258064516
4,60000,350,32.034816,1.3372411764705885
2,10000,150,21.848064,0.6654904458598726
2,20000,150,21.85216,0.682843137254902
5,75000,150,34.361344,1.668826923076923
3,15000,350,24.53504,0.9971592356687898
5,50000,350,29.728768,1.670448717948718
5,75000,350,34.603008,1.6805225806451611
4,20000,50,27.561984,1.3124347826086955
4,40000,50,27.312128,1.788715302491103
5,75000,50,34.357248,2.141703927492447
4,20000,150,27.21792,2.7738015748031497
4,40000,150,27.127808,2.6629717682020804
6,90000,150,37.216256,2.6059083895853425
3,15000,250,24.461312,2.1031520737327187
3,30000,250,24.82176,1.0111881720430107
4,60000,250,31.649792,2.831925
4,20000,450,27.459584,1.3431548387096774
2,20000,450,22.007808,0.663
5,75000,450,34.340864,1.7127165775401072
4,20000,150,26.836992,1.7287580645161291
6,60000,150,32.948224,2.6114699453551915
8,120000,150,42.950656,4.439034482758621
1,5000,150,18.898944,3.5833223140495867
5,50000,150,29.929472,4.646097636176773
7,105000,150,39.645184,4.10690482398957
4,20000,350,27.11552,3.482916554508748
3,30000,350,24.195072,1.7905106382978722
4,60000,350,31.649792,2.4394347826086955
2,10000,450,21.89312,2.475174736842105
6,60000,450,32.661504,3.316974562798092
6,90000,450,37.486592,18.98645811051693
3,15000,250,24.313856,0.9990576923076924
4,40000,250,27.119616,1.3472129032258064
5,75000,250,34.480128,1.680225806451613
1,5000,250,19.226624,0.3407483870967742
2,20000,250,21.99552,0.6714387096774194
7,105000,250,40.378368,2.4607567567567568
4,20000,450,27.119616,1.3188670886075948
5,50000,450,29.458432,1.6804516129032256
4,60000,450,32.251904,1.3364358974358974
2,10000,450,21.880832,0.9236939890710384
5,50000,450,30.056448,2.256354838709677
6,90000,450,37.240832,7.542978048780488
4,20000,50,26.636288,1.31173125
6,60000,50,32.718848,1.975240506329114
5,75000,50,34.701312,1.707051948051948
4,20000,50,27.283456,1.3365384615384617
3,30000,50,24.264704,1.0051935483870968
4,60000,50,32.0512,1.3269299363057323
4,20000,50,27.107328,1.302925
3,30000,50,24.506368,0.9845192307692308
7,105000,50,40.579072,2.3648258064516128
4,20000,150,27.46368,1.336198717948718
4,40000,150,27.353088,1.433326388888889
7,105000,150,40.349696,2.3132207792207797
1,5000,50,19.345408,0.3271481481481481
6,60000,50,31.875072,1.9463125
7,105000,50,40.603648,2.3604585987261144
4,20000,50,27.308032,1.3277115384615383
2,20000,50,22.016,0.66328125
6,90000,50,37.527552,2.041398773006135
2,10000,450,22.1184,0.6693717948717949
3,30000,450,24.813568,1.0034102564102565
4,60000,450,32.165888,1.360478787878788
1,5000,450,19.001344,0.8688927813163482
6,60000,450,32.305152,3.160542328042328
6,90000,450,37.502976,2.4632983521248915
1,5000,50,19.062784,1.061119496855346
3,30000,50,24.375296,2.749553264604811
4,60000,50,31.772672,2.487278846153846
4,20000,50,27.058176,4.854946202531646
5,50000,50,29.73696,8.527098039215685
5,75000,50,34.459648,6.05592429022082
2,10000,350,21.7088,0.6728903225806451
5,50000,350,30.031872,1.6786
6,90000,350,37.986304,2.04459477124183
4,20000,150,26.697728,1.3358076923076925
6,60000,150,32.776192,2.2114846153846157
6,90000,150,38.088704,2.276345588235294
1,5000,350,19.214336,0.3378516129032258
5,50000,350,30.060544,1.6696858974358977
7,105000,350,40.910848,2.3674117647058823
1,5000,350,19.034112,0.3369487179487179
4,40000,350,27.152384,2.3199289617486336
8,120000,350,43.896832,9.412933429811869
3,15000,50,24.24832,1.0099096774193548
4,40000,50,27.234304,1.310377358490566
4,60000,50,31.58016,1.326923566878981
2,10000,50,22.007808,0.6657898089171975
3,30000,50,24.90368,0.99728025477707
5,75000,50,34.648064,1.652398734177215
3,15000,350,24.4736,1.0090193548387096
6,60000,350,32.669696,2.01621935483871
5,75000,350,34.799616,1.68543125
2,10000,50,21.93408,0.6666114649681529
4,40000,50,27.291648,1.3451032258064517
8,120000,50,43.655168,2.6620192307692307
3,15000,450,24.629248,2.764982848232848
4,40000,450,27.42272,12.882413461538462
8,120000,450,43.921408,18.1233810741688
1,5000,50,18.849792,0.4047926829268292
4,40000,50,27.082752,1.3129367088607593
7,105000,50,40.767488,2.3185286624203822
2,10000,50,21.655552,0.66555625
3,30000,50,24.424448,1.003051282051282
7,105000,50,40.988672,2.3519290322580644
4,20000,50,27.250688,1.3020125
3,30000,50,24.649728,1.0048481012658228
6,90000,50,37.781504,2.020341935483871
4,20000,250,26.78784,1.343948387096774
4,40000,250,27.09504,1.35212987012987
6,90000,250,37.904384,2.02674025974026
3,15000,250,24.383488,0.9946858974358974
6,60000,250,32.505856,2.020567741935484
6,90000,250,37.965824,2.005155844155844
1,5000,450,19.39456,0.4909432835820895
3,30000,450,24.363008,1.1933064312736443
7,105000,450,41.00096,2.651567357512953
1,5000,50,18.956288,0.3306802030456852
3,30000,50,24.84224,0.9833836477987422
7,105000,50,40.656896,2.321254777070064
4,20000,250,27.271168,1.3507290322580645
5,50000,250,29.966336,1.9263525641025645
7,105000,250,40.497152,2.346458064516129
3,15000,150,24.358912,1.1381176470588237
3,30000,150,24.162304,3.271595166163142
4,60000,150,31.543296,2.4067261306532663
