Unique DAG ID,DAG Input Content,DAG Input Size,Function Name,Function Input,Duration,Parallel Duration,Memory_Allocated,CPU_Allocated,Max Memory Usage,Max CPU Usage,Avg CPU Usage,Start Time,End Time,Timeout Status,Input File
AS-11e89baf-979f-4b15-9337-485987d59503,50,10200,wait1,10200,1230,,128,1,9.641984,0.012107692307692307,0.006636984281536618,1712867473457,1712867474687,False,./profiling/aes_inputs/run83.json
AS-11e89baf-979f-4b15-9337-485987d59503,50,10200,AES1,10200,4137,12029,256,8,21.536768,0.669724358974359,0.6259350738554034,1712867476463,1712867480600,False,./profiling/aes_inputs/run83.json
AS-11e89baf-979f-4b15-9337-485987d59503,50,10200,AES2,40800,8010,12029,256,8,26.76736,1.3047672955974843,1.2399699372074884,1712867476349,1712867484359,False,./profiling/aes_inputs/run83.json
AS-11e89baf-979f-4b15-9337-485987d59503,50,10200,AES3,91800,12029,12029,256,8,32.555008,1.980732484076433,1.866829957263975,1712867476472,1712867488501,False,./profiling/aes_inputs/run83.json
AS-11e89baf-979f-4b15-9337-485987d59503,50,10200,Stats,10200,248,,128,1,9.965568,0.004625000000000001,0.004625000000000001,1712867488966,1712867489214,False,./profiling/aes_inputs/run83.json
AS-1a9d00af-05bc-441d-bd2f-74cc13d943dc,50,5500,wait1,5500,1007,,128,1,9.334784,0.015234375000000001,0.005790080639315333,1712867489770,1712867490777,False,./profiling/aes_inputs/run36.json
AS-1a9d00af-05bc-441d-bd2f-74cc13d943dc,50,5500,AES1,5500,2138,6385,256,8,21.663744,0.6495093167701864,0.6186285330799242,1712867490840,1712867492978,False,./profiling/aes_inputs/run36.json
AS-1a9d00af-05bc-441d-bd2f-74cc13d943dc,50,5500,AES2,22000,4210,6385,256,8,27.037696,1.30279375,1.2383003210531711,1712867490843,1712867495053,False,./profiling/aes_inputs/run36.json
AS-1a9d00af-05bc-441d-bd2f-74cc13d943dc,50,5500,AES3,49500,6385,6385,256,8,33.153024,1.9645031446540882,1.8624623661601827,1712867490844,1712867497229,False,./profiling/aes_inputs/run36.json
AS-1a9d00af-05bc-441d-bd2f-74cc13d943dc,50,5500,Stats,5500,25,,128,1,9.85088,0.005112903225806452,0.005112903225806452,1712867497265,1712867497290,False,./profiling/aes_inputs/run36.json
AS-9f122354-8cb0-419e-9bd1-e6520454e430,50,4200,wait1,4200,1011,,128,1,9.58464,0.02277777777777778,0.006913991733889694,1712867497785,1712867498796,False,./profiling/aes_inputs/run23.json
AS-9f122354-8cb0-419e-9bd1-e6520454e430,50,4200,AES1,4200,1680,5064,256,8,21.671936,0.6649044585987262,0.6061721973506466,1712867498852,1712867500532,False,./profiling/aes_inputs/run23.json
AS-9f122354-8cb0-419e-9bd1-e6520454e430,50,4200,AES2,16800,3195,5064,256,8,27.226112,1.326624203821656,1.2415934927472085,1712867498853,1712867502048,False,./profiling/aes_inputs/run23.json
AS-9f122354-8cb0-419e-9bd1-e6520454e430,50,4200,AES3,37800,5064,5064,256,8,33.103872,1.9614150943396227,1.7917655026952297,1712867498855,1712867503919,False,./profiling/aes_inputs/run23.json
AS-9f122354-8cb0-419e-9bd1-e6520454e430,50,4200,Stats,4200,24,,128,1,9.920512,0.003682539682539682,0.003682539682539682,1712867503956,1712867503980,False,./profiling/aes_inputs/run23.json
AS-99af894a-648d-46e8-b8ef-58fab6b991dc,50,5000,wait1,5000,1006,,128,1,9.498624,0.015200000000000002,0.005914108507111715,1712867504502,1712867505508,False,./profiling/aes_inputs/run31.json
AS-99af894a-648d-46e8-b8ef-58fab6b991dc,50,5000,AES1,5000,1931,5777,256,8,21.880832,0.65224375,0.6220737057982993,1712867505562,1712867507493,False,./profiling/aes_inputs/run31.json
AS-99af894a-648d-46e8-b8ef-58fab6b991dc,50,5000,AES2,20000,4409,5777,256,8,27.21792,1.30176875,1.1177940594815556,1712867505563,1712867509972,False,./profiling/aes_inputs/run31.json
AS-99af894a-648d-46e8-b8ef-58fab6b991dc,50,5000,AES3,45000,5777,5777,256,8,33.124352,1.9627798742138363,1.865684940017943,1712867505559,1712867511336,False,./profiling/aes_inputs/run31.json
AS-99af894a-648d-46e8-b8ef-58fab6b991dc,50,5000,Stats,5000,25,,128,1,9.986048,0.004348484848484849,0.004348484848484849,1712867511372,1712867511397,False,./profiling/aes_inputs/run31.json
AS-49e2b177-2137-4541-a2d6-7629af7284bd,50,6300,wait1,6300,1005,,128,1,9.64608,0.014523809523809524,0.0057379316347347855,1712867511841,1712867512846,False,./profiling/aes_inputs/run44.json
AS-49e2b177-2137-4541-a2d6-7629af7284bd,50,6300,AES1,6300,2439,7600,256,8,21.938176,0.6610506329113924,0.620294838836111,1712867512897,1712867515336,False,./profiling/aes_inputs/run44.json
AS-49e2b177-2137-4541-a2d6-7629af7284bd,50,6300,AES2,25200,4761,7600,256,8,27.50464,1.3087798742138366,1.2467767597071246,1712867512903,1712867517664,False,./profiling/aes_inputs/run44.json
AS-49e2b177-2137-4541-a2d6-7629af7284bd,50,6300,AES3,56700,7600,7600,256,8,33.521664,1.9925612903225807,1.7959296197548842,1712867512902,1712867520502,False,./profiling/aes_inputs/run44.json
AS-49e2b177-2137-4541-a2d6-7629af7284bd,50,6300,Stats,6300,25,,128,1,10.358784,0.00559375,0.00559375,1712867520539,1712867520564,False,./profiling/aes_inputs/run44.json
AS-3a631924-9412-4fc6-b168-255f3e1d3854,50,7200,wait1,7200,1012,,128,1,9.662464,0.019206349206349206,0.007535192937182623,1712867521081,1712867522093,False,./profiling/aes_inputs/run53.json
AS-3a631924-9412-4fc6-b168-255f3e1d3854,50,7200,AES1,7200,2792,9368,256,8,21.774336,0.6664140127388535,0.6171929696934481,1712867522160,1712867524952,False,./profiling/aes_inputs/run53.json
AS-3a631924-9412-4fc6-b168-255f3e1d3854,50,7200,AES2,28800,5477,9368,256,8,27.42272,1.3030374999999998,1.2413975026157058,1712867522157,1712867527634,False,./profiling/aes_inputs/run53.json
AS-3a631924-9412-4fc6-b168-255f3e1d3854,50,7200,AES3,64800,9368,9368,256,8,33.488896,1.9642767295597485,1.6809300926705126,1712867522156,1712867531524,False,./profiling/aes_inputs/run53.json
AS-3a631924-9412-4fc6-b168-255f3e1d3854,50,7200,Stats,7200,25,,128,1,10.391552,0.00673015873015873,0.00673015873015873,1712867531566,1712867531591,False,./profiling/aes_inputs/run53.json
AS-2ec208de-f336-4341-999b-3e7f0ea1522d,50,2400,wait1,2400,1007,,128,1,9.682944,0.007714285714285714,0.005664351493178025,1712867532120,1712867533127,False,./profiling/aes_inputs/run5.json
AS-2ec208de-f336-4341-999b-3e7f0ea1522d,50,2400,AES1,2400,971,2796,256,8,22.155264,0.6503703703703703,0.6008145050445645,1712867533187,1712867534158,False,./profiling/aes_inputs/run5.json
AS-2ec208de-f336-4341-999b-3e7f0ea1522d,50,2400,AES2,9600,1985,2796,256,8,27.394048,1.3052236024844721,1.1720617317221071,1712867533183,1712867535168,False,./profiling/aes_inputs/run5.json
AS-2ec208de-f336-4341-999b-3e7f0ea1522d,50,2400,AES3,21600,2796,2796,256,8,33.492992,1.9790506329113924,1.865130214162876,1712867533183,1712867535979,False,./profiling/aes_inputs/run5.json
AS-2ec208de-f336-4341-999b-3e7f0ea1522d,50,2400,Stats,2400,25,,128,1,10.489856,0.0035522388059701492,0.0035522388059701492,1712867536008,1712867536033,False,./profiling/aes_inputs/run5.json
AS-7d91fbcf-98f1-468e-b11c-1ecf0cab563f,50,6100,wait1,6100,1012,,128,1,9.699328,0.021107692307692306,0.007237394480790783,1712867536563,1712867537575,False,./profiling/aes_inputs/run42.json
AS-7d91fbcf-98f1-468e-b11c-1ecf0cab563f,50,6100,AES1,6100,2440,7045,256,8,21.889024,0.6486875000000001,0.607155628050776,1712867537642,1712867540082,False,./profiling/aes_inputs/run42.json
AS-7d91fbcf-98f1-468e-b11c-1ecf0cab563f,50,6100,AES2,24400,4764,7045,256,8,27.705344,1.3369615384615385,1.2178598884872165,1712867537645,1712867542409,False,./profiling/aes_inputs/run42.json
AS-7d91fbcf-98f1-468e-b11c-1ecf0cab563f,50,6100,AES3,54900,7045,7045,256,8,33.837056,1.9685849056603775,1.865170551013653,1712867537643,1712867544688,False,./profiling/aes_inputs/run42.json
AS-7d91fbcf-98f1-468e-b11c-1ecf0cab563f,50,6100,Stats,6100,25,,128,1,10.559488,0.0036461538461538463,0.0036461538461538463,1712867544723,1712867544748,False,./profiling/aes_inputs/run42.json
AS-9b6fecf4-33c1-42a5-8e23-815a611dc1a4,50,10700,wait1,10700,1013,,128,1,9.70752,0.014546875,0.007190951161933304,1712867545253,1712867546266,False,./profiling/aes_inputs/run88.json
AS-9b6fecf4-33c1-42a5-8e23-815a611dc1a4,50,10700,AES1,10700,4110,12547,256,8,21.860352,0.6615886075949368,0.6248532653274701,1712867546333,1712867550443,False,./profiling/aes_inputs/run88.json
AS-9b6fecf4-33c1-42a5-8e23-815a611dc1a4,50,10700,AES2,42800,8056,12547,256,8,27.680768,1.3374102564102563,1.2500808227259284,1712867546334,1712867554390,False,./profiling/aes_inputs/run88.json
AS-9b6fecf4-33c1-42a5-8e23-815a611dc1a4,50,10700,AES3,96300,12547,12547,256,8,33.521664,2.002083333333333,1.844375769418077,1712867546335,1712867558882,False,./profiling/aes_inputs/run88.json
AS-9b6fecf4-33c1-42a5-8e23-815a611dc1a4,50,10700,Stats,10700,26,,128,1,10.780672,0.004030769230769231,0.004030769230769231,1712867558936,1712867558962,False,./profiling/aes_inputs/run88.json
AS-7b1e375a-c3af-47bb-9903-7cb036a8434e,50,6500,wait1,6500,1008,,128,1,9.715712,0.019553846153846154,0.006080427430842662,1712867559483,1712867560491,False,./profiling/aes_inputs/run46.json
AS-7b1e375a-c3af-47bb-9903-7cb036a8434e,50,6500,AES1,6500,2542,7538,256,8,22.183936,0.6567421383647799,0.6132352258859193,1712867560551,1712867563093,False,./profiling/aes_inputs/run46.json
AS-7b1e375a-c3af-47bb-9903-7cb036a8434e,50,6500,AES2,26000,4968,7538,256,8,27.860992,1.3108427672955973,1.234753307168038,1712867560556,1712867565524,False,./profiling/aes_inputs/run46.json
AS-7b1e375a-c3af-47bb-9903-7cb036a8434e,50,6500,AES3,58500,7538,7538,256,8,34.000896,1.9630506329113926,1.8624111449530392,1712867560554,1712867568092,False,./profiling/aes_inputs/run46.json
AS-7b1e375a-c3af-47bb-9903-7cb036a8434e,50,6500,Stats,6500,25,,128,1,11.01824,0.0035454545454545456,0.0035454545454545456,1712867568131,1712867568156,False,./profiling/aes_inputs/run46.json
AS-4fbf3627-b498-4acf-a6ff-fa8eea2bde4e,50,11000,wait1,11000,1009,,128,1,9.728,0.00715625,0.005855311321514415,1712867568739,1712867569748,False,./profiling/aes_inputs/run91.json
AS-4fbf3627-b498-4acf-a6ff-fa8eea2bde4e,50,11000,AES1,11000,4257,12723,256,8,21.95456,0.6452578616352201,0.6197098896718864,1712867569818,1712867574075,False,./profiling/aes_inputs/run91.json
AS-4fbf3627-b498-4acf-a6ff-fa8eea2bde4e,50,11000,AES2,44000,8529,12723,256,8,27.963392,1.3191202531645567,1.2224812529537221,1712867569817,1712867578346,False,./profiling/aes_inputs/run91.json
AS-4fbf3627-b498-4acf-a6ff-fa8eea2bde4e,50,11000,AES3,99000,12723,12723,256,8,33.513472,1.9765128205128204,1.862141836790595,1712867569811,1712867582534,False,./profiling/aes_inputs/run91.json
AS-4fbf3627-b498-4acf-a6ff-fa8eea2bde4e,50,11000,Stats,11000,25,,128,1,11.239424,0.003953846153846153,0.003953846153846153,1712867582578,1712867582603,False,./profiling/aes_inputs/run91.json
AS-bee1396f-ab24-4e88-852c-d58d62879c8c,50,10400,wait1,10400,1009,,128,1,9.633792,0.0135625,0.0063637453135519315,1712867583205,1712867584214,False,./profiling/aes_inputs/run85.json
AS-bee1396f-ab24-4e88-852c-d58d62879c8c,50,10400,AES1,10400,4016,11951,256,8,22.30272,0.6698141025641026,0.6216137314179317,1712867584277,1712867588293,False,./profiling/aes_inputs/run85.json
AS-bee1396f-ab24-4e88-852c-d58d62879c8c,50,10400,AES2,41600,8312,11951,256,8,28.061696,1.3330961538461539,1.1931359497228249,1712867584286,1712867592598,False,./profiling/aes_inputs/run85.json
AS-bee1396f-ab24-4e88-852c-d58d62879c8c,50,10400,AES3,93600,11951,11951,256,8,34.127872,1.9685796178343948,1.8728406567291407,1712867584286,1712867596237,False,./profiling/aes_inputs/run85.json
AS-bee1396f-ab24-4e88-852c-d58d62879c8c,50,10400,Stats,10400,25,,128,1,11.485184,0.0044444444444444444,0.0044444444444444444,1712867596277,1712867596302,False,./profiling/aes_inputs/run85.json
AS-30edd9c8-cd25-47fe-b801-8143f6400340,50,7900,wait1,7900,1007,,128,1,9.785344,0.02116923076923077,0.006041495876811996,1712867596851,1712867597858,False,./profiling/aes_inputs/run60.json
AS-30edd9c8-cd25-47fe-b801-8143f6400340,50,7900,AES1,7900,3049,10176,256,8,22.274048,0.665076433121019,0.6205353311800589,1712867597907,1712867600956,False,./profiling/aes_inputs/run60.json
AS-30edd9c8-cd25-47fe-b801-8143f6400340,50,7900,AES2,31600,5978,10176,256,8,28.135424,1.3029068322981365,1.2441180646163263,1712867597910,1712867603888,False,./profiling/aes_inputs/run60.json
AS-30edd9c8-cd25-47fe-b801-8143f6400340,50,7900,AES3,71100,10176,10176,256,8,34.013184,2.007264516129032,1.6943850058254344,1712867597908,1712867608084,False,./profiling/aes_inputs/run60.json
AS-30edd9c8-cd25-47fe-b801-8143f6400340,50,7900,Stats,7900,26,,128,1,11.710464,0.003476923076923077,0.003476923076923077,1712867608115,1712867608141,False,./profiling/aes_inputs/run60.json
AS-e86613b3-3247-4d7c-9dcf-927b4ca4b45c,50,2200,wait1,2200,1005,,128,1,10.063872,0.01771212121212121,0.005623998365351642,1712867608687,1712867609692,False,./profiling/aes_inputs/run3.json
AS-e86613b3-3247-4d7c-9dcf-927b4ca4b45c,50,2200,AES1,2200,869,2592,256,8,22.335488,0.6647197452229299,0.6235541009212267,1712867609745,1712867610614,False,./profiling/aes_inputs/run3.json
AS-e86613b3-3247-4d7c-9dcf-927b4ca4b45c,50,2200,AES2,8800,1984,2592,256,8,28.24192,1.273639751552795,1.1088773174680324,1712867609744,1712867611728,False,./profiling/aes_inputs/run3.json
AS-e86613b3-3247-4d7c-9dcf-927b4ca4b45c,50,2200,AES3,19800,2592,2592,256,8,33.931264,1.9463105590062113,1.8470326363460017,1712867609746,1712867612338,False,./profiling/aes_inputs/run3.json
AS-e86613b3-3247-4d7c-9dcf-927b4ca4b45c,50,2200,Stats,2200,25,,128,1,11.825152,0.003546875,0.003546875,1712867612365,1712867612390,False,./profiling/aes_inputs/run3.json
AS-7fc83d50-e421-405c-8372-2060c35561e3,50,10300,wait1,10300,1009,,128,1,9.846784,0.008171875,0.00567748383391899,1712867612869,1712867613878,False,./profiling/aes_inputs/run84.json
AS-7fc83d50-e421-405c-8372-2060c35561e3,50,10300,AES1,10300,3905,11898,256,8,22.298624,0.676025641025641,0.6278710291237473,1712867613919,1712867617824,False,./profiling/aes_inputs/run84.json
AS-7fc83d50-e421-405c-8372-2060c35561e3,50,10300,AES2,41200,7807,11898,256,8,28.168192,1.3050251572327043,1.2455692587765221,1712867613919,1712867621726,False,./profiling/aes_inputs/run84.json
AS-7fc83d50-e421-405c-8372-2060c35561e3,50,10300,AES3,92700,11898,11898,256,8,34.01728,2.002326923076923,1.869930978409265,1712867613921,1712867625819,False,./profiling/aes_inputs/run84.json
AS-7fc83d50-e421-405c-8372-2060c35561e3,50,10300,Stats,10300,29,,128,1,12.959744,0.004396825396825397,0.004396825396825397,1712867625859,1712867625888,False,./profiling/aes_inputs/run84.json
AS-439ce826-3b9d-41c3-aa46-3a3f058dadbc,50,3500,wait1,3500,1007,,128,1,9.867264,0.00784375,0.005706164664554229,1712867626444,1712867627451,False,./profiling/aes_inputs/run16.json
AS-439ce826-3b9d-41c3-aa46-3a3f058dadbc,50,3500,AES1,3500,1378,4366,256,8,22.519808,0.6498024691358024,0.614675371290317,1712867627513,1712867628891,False,./profiling/aes_inputs/run16.json
AS-439ce826-3b9d-41c3-aa46-3a3f058dadbc,50,3500,AES2,14000,2794,4366,256,8,28.246016,1.30273125,1.196223347914627,1712867627512,1712867630306,False,./profiling/aes_inputs/run16.json
AS-439ce826-3b9d-41c3-aa46-3a3f058dadbc,50,3500,AES3,31500,4366,4366,256,8,34.2016,1.965245283018868,1.7625049298009339,1712867627514,1712867631880,False,./profiling/aes_inputs/run16.json
AS-439ce826-3b9d-41c3-aa46-3a3f058dadbc,50,3500,Stats,3500,25,,128,1,12.619776,0.004515625,0.004515625,1712867631911,1712867631936,False,./profiling/aes_inputs/run16.json
AS-732d1206-e4de-461e-8a02-6f2c7ade2805,50,8700,wait1,8700,1005,,128,1,9.74848,0.012734375000000001,0.005905112752390979,1712867632460,1712867633465,False,./profiling/aes_inputs/run68.json
AS-732d1206-e4de-461e-8a02-6f2c7ade2805,50,8700,AES1,8700,3550,10083,256,8,22.482944,0.6496894409937888,0.5998834856007826,1712867633527,1712867637077,False,./profiling/aes_inputs/run68.json
AS-732d1206-e4de-461e-8a02-6f2c7ade2805,50,8700,AES2,34800,7344,10083,256,8,28.24192,1.3075660377358491,1.1354459000524664,1712867633527,1712867640871,False,./profiling/aes_inputs/run68.json
AS-732d1206-e4de-461e-8a02-6f2c7ade2805,50,8700,AES3,78300,10083,10083,256,8,34.390016,2.01281935483871,1.8625821743647661,1712867633525,1712867643608,False,./profiling/aes_inputs/run68.json
AS-732d1206-e4de-461e-8a02-6f2c7ade2805,50,8700,Stats,8700,25,,128,1,12.84096,0.003671875,0.003671875,1712867643647,1712867643672,False,./profiling/aes_inputs/run68.json
AS-a8de75d8-98f8-4bbb-8bc1-a46c61447c0b,50,10900,wait1,10900,1010,,128,1,9.863168,0.009265625,0.006573363935430831,1712867644272,1712867645282,False,./profiling/aes_inputs/run90.json
AS-a8de75d8-98f8-4bbb-8bc1-a46c61447c0b,50,10900,AES1,10900,4215,12704,256,8,22.663168,0.6501728395061729,0.6205198416203487,1712867645331,1712867649546,False,./profiling/aes_inputs/run90.json
AS-a8de75d8-98f8-4bbb-8bc1-a46c61447c0b,50,10900,AES2,43600,8228,12704,256,8,28.557312,1.344567741935484,1.2472170196859176,1712867645341,1712867653569,False,./profiling/aes_inputs/run90.json
AS-a8de75d8-98f8-4bbb-8bc1-a46c61447c0b,50,10900,AES3,98100,12704,12704,256,8,34.189312,1.9998653846153847,1.8552757569496938,1712867645336,1712867658040,False,./profiling/aes_inputs/run90.json
AS-a8de75d8-98f8-4bbb-8bc1-a46c61447c0b,50,10900,Stats,10900,25,,128,1,12.791808,0.0030303030303030303,0.0030303030303030303,1712867658075,1712867658100,False,./profiling/aes_inputs/run90.json
AS-996331a8-ea69-44f3-ae3d-1a3e803413ea,50,7500,wait1,7500,1008,,128,1,9.936896,0.018421875,0.006951627594161744,1712867658582,1712867659590,False,./profiling/aes_inputs/run56.json
AS-996331a8-ea69-44f3-ae3d-1a3e803413ea,50,7500,AES1,7500,2891,8750,256,8,22.618112,0.6576433121019108,0.620612654024453,1712867659641,1712867662532,False,./profiling/aes_inputs/run56.json
AS-996331a8-ea69-44f3-ae3d-1a3e803413ea,50,7500,AES2,30000,5772,8750,256,8,28.30336,1.3114294871794872,1.2317043794961358,1712867659638,1712867665410,False,./profiling/aes_inputs/run56.json
AS-996331a8-ea69-44f3-ae3d-1a3e803413ea,50,7500,AES3,67500,8750,8750,256,8,34.299904,1.959446540880503,1.8490525954038357,1712867659644,1712867668394,False,./profiling/aes_inputs/run56.json
AS-996331a8-ea69-44f3-ae3d-1a3e803413ea,50,7500,Stats,7500,26,,128,1,12.959744,0.0034838709677419357,0.0034838709677419357,1712867668436,1712867668462,False,./profiling/aes_inputs/run56.json
AS-4eefeb63-6639-44a9-9573-e8d25f4af3e4,50,2500,wait1,2500,1008,,128,1,10.059776,0.016984848484848485,0.006362598170518677,1712867668976,1712867669984,False,./profiling/aes_inputs/run6.json
AS-4eefeb63-6639-44a9-9573-e8d25f4af3e4,50,2500,AES1,2500,1026,2943,256,8,22.708224,0.65325625,0.5953227460282641,1712867670031,1712867671057,False,./profiling/aes_inputs/run6.json
AS-4eefeb63-6639-44a9-9573-e8d25f4af3e4,50,2500,AES2,10000,1934,2943,256,8,28.704768,1.3023874999999998,1.2340496242435424,1712867670041,1712867671975,False,./profiling/aes_inputs/run6.json
AS-4eefeb63-6639-44a9-9573-e8d25f4af3e4,50,2500,AES3,22500,2943,2943,256,8,34.44736,1.9526375000000002,1.8428939477511557,1712867670038,1712867672981,False,./profiling/aes_inputs/run6.json
AS-4eefeb63-6639-44a9-9573-e8d25f4af3e4,50,2500,Stats,2500,24,,128,1,12.955648,0.0037076923076923077,0.0037076923076923077,1712867673009,1712867673033,False,./profiling/aes_inputs/run6.json
AS-1b147f24-0725-4fe1-a31c-e69826e771b7,50,9800,wait1,9800,1009,,128,1,9.949184,0.014171875,0.006880311150017781,1712867673567,1712867674576,False,./profiling/aes_inputs/run79.json
AS-1b147f24-0725-4fe1-a31c-e69826e771b7,50,9800,AES1,9800,3961,11290,256,8,22.827008,0.6560736196319018,0.604952840096087,1712867674619,1712867678580,False,./profiling/aes_inputs/run79.json
AS-1b147f24-0725-4fe1-a31c-e69826e771b7,50,9800,AES2,39200,7448,11290,256,8,28.708864,1.3291032258064517,1.2444910005772591,1712867674619,1712867682067,False,./profiling/aes_inputs/run79.json
AS-1b147f24-0725-4fe1-a31c-e69826e771b7,50,9800,AES3,88200,11290,11290,256,8,34.496512,1.9907834394904458,1.8666180513975281,1712867674620,1712867685910,False,./profiling/aes_inputs/run79.json
AS-1b147f24-0725-4fe1-a31c-e69826e771b7,50,9800,Stats,9800,25,,128,1,13.033472,0.0042923076923076925,0.0042923076923076925,1712867685943,1712867685968,False,./profiling/aes_inputs/run79.json
AS-fb406766-1f51-4ce4-9f0e-bac5519ecd05,50,2700,wait1,2700,1007,,128,1,9.854976,0.014184615384615384,0.006147141860606575,1712867686541,1712867687548,False,./profiling/aes_inputs/run8.json
AS-fb406766-1f51-4ce4-9f0e-bac5519ecd05,50,2700,AES1,2700,1073,3243,256,8,22.786048,0.6611835443037974,0.6127863695156612,1712867687609,1712867688682,False,./profiling/aes_inputs/run8.json
AS-fb406766-1f51-4ce4-9f0e-bac5519ecd05,50,2700,AES2,10800,2239,3243,256,8,28.688384,1.3107179487179488,1.162093538338328,1712867687603,1712867689842,False,./profiling/aes_inputs/run8.json
AS-fb406766-1f51-4ce4-9f0e-bac5519ecd05,50,2700,AES3,24300,3243,3243,256,8,34.697216,1.9526750000000002,1.8144884213199362,1712867687609,1712867690852,False,./profiling/aes_inputs/run8.json
AS-fb406766-1f51-4ce4-9f0e-bac5519ecd05,50,2700,Stats,2700,25,,128,1,13.041664,0.0053125,0.0053125,1712867690874,1712867690899,False,./profiling/aes_inputs/run8.json
AS-c3222e85-73f8-4b48-8112-bad077c26ce8,50,6000,wait1,6000,1008,,128,1,9.867264,0.008222222222222223,0.005752587732456564,1712867691400,1712867692408,False,./profiling/aes_inputs/run41.json
AS-c3222e85-73f8-4b48-8112-bad077c26ce8,50,6000,AES1,6000,2286,6983,256,8,22.614016,0.6647770700636944,0.6279678287281284,1712867692452,1712867694738,False,./profiling/aes_inputs/run41.json
AS-c3222e85-73f8-4b48-8112-bad077c26ce8,50,6000,AES2,24000,4915,6983,256,8,28.745728,1.302225,1.1681056761518818,1712867692454,1712867697369,False,./profiling/aes_inputs/run41.json
AS-c3222e85-73f8-4b48-8112-bad077c26ce8,50,6000,AES3,54000,6983,6983,256,8,34.668544,1.9845222929936308,1.8613540393579202,1712867692453,1712867699436,False,./profiling/aes_inputs/run41.json
AS-c3222e85-73f8-4b48-8112-bad077c26ce8,50,6000,Stats,6000,25,,128,1,13.172736,0.004738461538461539,0.004738461538461539,1712867699467,1712867699492,False,./profiling/aes_inputs/run41.json
AS-cb8621cd-158e-4d98-a65e-03e57cd9d156,50,2300,wait1,2300,1010,,128,1,10.121216,0.018857142857142857,0.006839349199341965,1712867700011,1712867701021,False,./profiling/aes_inputs/run4.json
AS-cb8621cd-158e-4d98-a65e-03e57cd9d156,50,2300,AES1,2300,922,2804,256,8,22.757376,0.6537999999999999,0.6139994993412996,1712867701072,1712867701994,False,./profiling/aes_inputs/run4.json
AS-cb8621cd-158e-4d98-a65e-03e57cd9d156,50,2300,AES2,9200,1837,2804,256,8,28.909568,1.3229044585987262,1.2032898497981208,1712867701072,1712867702909,False,./profiling/aes_inputs/run4.json
AS-cb8621cd-158e-4d98-a65e-03e57cd9d156,50,2300,AES3,20700,2804,2804,256,8,34.832384,1.9783797468354432,1.8028105885853065,1712867701067,1712867703871,False,./profiling/aes_inputs/run4.json
AS-cb8621cd-158e-4d98-a65e-03e57cd9d156,50,2300,Stats,2300,24,,128,1,12.967936,0.004015384615384615,0.004015384615384615,1712867703899,1712867703923,False,./profiling/aes_inputs/run4.json
AS-790ae983-fba2-4a34-83d5-100a7a016251,50,9100,wait1,9100,1006,,128,1,9.900032,0.01611111111111111,0.005891699245089635,1712867704444,1712867705450,False,./profiling/aes_inputs/run72.json
AS-790ae983-fba2-4a34-83d5-100a7a016251,50,9100,AES1,9100,3458,10480,256,8,22.81472,0.65321875,0.6271317987299476,1712867705497,1712867708955,False,./profiling/aes_inputs/run72.json
AS-790ae983-fba2-4a34-83d5-100a7a016251,50,9100,AES2,36400,6899,10480,256,8,28.778496,1.3471870967741937,1.2459391032713598,1712867705493,1712867712392,False,./profiling/aes_inputs/run72.json
AS-790ae983-fba2-4a34-83d5-100a7a016251,50,9100,AES3,81900,10480,10480,256,8,34.680832,2.0032884615384616,1.8684842514393496,1712867705495,1712867715975,False,./profiling/aes_inputs/run72.json
AS-790ae983-fba2-4a34-83d5-100a7a016251,50,9100,Stats,9100,26,,128,1,13.144064,0.006080645161290322,0.006080645161290322,1712867716008,1712867716034,False,./profiling/aes_inputs/run72.json
AS-42219f79-d312-4357-a8ec-d13935e4c9b6,50,4000,wait1,4000,1007,,128,1,10.039296,0.01586153846153846,0.006424815801198288,1712867716572,1712867717579,False,./profiling/aes_inputs/run21.json
AS-42219f79-d312-4357-a8ec-d13935e4c9b6,50,4000,AES1,4000,1578,4617,256,8,22.769664,0.6484782608695652,0.6102309420082761,1712867717643,1712867719221,False,./profiling/aes_inputs/run21.json
AS-42219f79-d312-4357-a8ec-d13935e4c9b6,50,4000,AES2,16000,3149,4617,256,8,29.052928,1.3444709677419355,1.2184324454441424,1712867717638,1712867720787,False,./profiling/aes_inputs/run21.json
AS-42219f79-d312-4357-a8ec-d13935e4c9b6,50,4000,AES3,36000,4617,4617,256,8,34.881536,2.002275641025641,1.874338157635304,1712867717636,1712867722253,False,./profiling/aes_inputs/run21.json
AS-42219f79-d312-4357-a8ec-d13935e4c9b6,50,4000,Stats,4000,24,,128,1,13.254656,0.0034193548387096775,0.0034193548387096775,1712867722286,1712867722310,False,./profiling/aes_inputs/run21.json
AS-95cf8533-a791-41b4-a7a5-70bdad51f410,50,8000,wait1,8000,1008,,128,1,9.9328,0.0198030303030303,0.005779417176280756,1712867722875,1712867723883,False,./profiling/aes_inputs/run61.json
AS-95cf8533-a791-41b4-a7a5-70bdad51f410,50,8000,AES1,8000,3100,10022,256,8,22.884352,0.661139240506329,0.6217611986730848,1712867723934,1712867727034,False,./profiling/aes_inputs/run61.json
AS-95cf8533-a791-41b4-a7a5-70bdad51f410,50,8000,AES2,32000,6076,10022,256,8,28.786688,1.3196455696202531,1.2448450773107171,1712867723941,1712867730017,False,./profiling/aes_inputs/run61.json
AS-95cf8533-a791-41b4-a7a5-70bdad51f410,50,8000,AES3,72000,10022,10022,256,8,34.742272,2.0166346153846155,1.7445049108856576,1712867723936,1712867733958,False,./profiling/aes_inputs/run61.json
AS-95cf8533-a791-41b4-a7a5-70bdad51f410,50,8000,Stats,8000,25,,128,1,13.225984,0.0034153846153846153,0.0034153846153846153,1712867733995,1712867734020,False,./profiling/aes_inputs/run61.json
AS-baf2a3b1-323c-4f2a-9c04-2a4e8cf3eeb5,50,9300,wait1,9300,1012,,128,1,10.186752,0.0182,0.006975373755720334,1712867734624,1712867735636,False,./profiling/aes_inputs/run74.json
AS-baf2a3b1-323c-4f2a-9c04-2a4e8cf3eeb5,50,9300,AES1,9300,3556,10697,256,8,23.027712,0.65316875,0.6283957287786951,1712867735688,1712867739244,False,./profiling/aes_inputs/run74.json
AS-baf2a3b1-323c-4f2a-9c04-2a4e8cf3eeb5,50,9300,AES2,37200,7401,10697,256,8,28.983296,1.3087358490566037,1.2059510172110999,1712867735689,1712867743090,False,./profiling/aes_inputs/run74.json
AS-baf2a3b1-323c-4f2a-9c04-2a4e8cf3eeb5,50,9300,AES3,83700,10697,10697,256,8,34.95936,1.9776772151898734,1.8698860451295858,1712867735682,1712867746379,False,./profiling/aes_inputs/run74.json
AS-baf2a3b1-323c-4f2a-9c04-2a4e8cf3eeb5,50,9300,Stats,9300,25,,128,1,13.479936,0.004064516129032258,0.004064516129032258,1712867746409,1712867746434,False,./profiling/aes_inputs/run74.json
AS-74f4e131-a94c-488a-a6ac-69c98e28ca81,50,4600,wait1,4600,1005,,128,1,10.063872,0.021203124999999996,0.005944185321024522,1712867746943,1712867747948,False,./profiling/aes_inputs/run27.json
AS-74f4e131-a94c-488a-a6ac-69c98e28ca81,50,4600,AES1,4600,1883,5376,256,8,23.031808,0.6482546583850932,0.5984784565730875,1712867748000,1712867749883,False,./profiling/aes_inputs/run27.json
AS-74f4e131-a94c-488a-a6ac-69c98e28ca81,50,4600,AES2,18400,3505,5376,256,8,28.852224,1.3018625,1.2459474248231144,1712867747996,1712867751501,False,./profiling/aes_inputs/run27.json
AS-74f4e131-a94c-488a-a6ac-69c98e28ca81,50,4600,AES3,41400,5376,5376,256,8,35.098624,1.9643584905660378,1.8454114254557965,1712867748000,1712867753376,False,./profiling/aes_inputs/run27.json
AS-74f4e131-a94c-488a-a6ac-69c98e28ca81,50,4600,Stats,4600,24,,128,1,13.451264,0.00396875,0.00396875,1712867753411,1712867753435,False,./profiling/aes_inputs/run27.json
AS-d7ae03f1-a29d-49ed-9edf-7d607fd69d2f,50,11400,wait1,11400,1006,,128,1,10.092544,0.016253731343283583,0.006105561098587675,1712867753960,1712867754966,False,./profiling/aes_inputs/run95.json
AS-d7ae03f1-a29d-49ed-9edf-7d607fd69d2f,50,11400,AES1,11400,4820,13092,256,8,22.9376,0.657516129032258,0.587923101998017,1712867755017,1712867759837,False,./profiling/aes_inputs/run95.json
AS-d7ae03f1-a29d-49ed-9edf-7d607fd69d2f,50,11400,AES2,45600,8662,13092,256,8,29.130752,1.3448838709677418,1.2446875528828611,1712867755021,1712867763683,False,./profiling/aes_inputs/run95.json
AS-d7ae03f1-a29d-49ed-9edf-7d607fd69d2f,50,11400,AES3,102600,13092,13092,256,8,35.495936,2.0035095541401273,1.879000293120377,1712867755021,1712867768113,False,./profiling/aes_inputs/run95.json
AS-d7ae03f1-a29d-49ed-9edf-7d607fd69d2f,50,11400,Stats,11400,27,,128,1,13.385728,0.00384375,0.00384375,1712867768165,1712867768192,False,./profiling/aes_inputs/run95.json
AS-086ca19f-bceb-42ed-947d-7dac00e4147a,50,5900,wait1,5900,1011,,128,1,10.100736,0.01876190476190476,0.006863887122163751,1712867768729,1712867769740,False,./profiling/aes_inputs/run40.json
AS-086ca19f-bceb-42ed-947d-7dac00e4147a,50,5900,AES1,5900,2285,6840,256,8,23.011328,0.6576666666666666,0.6206542648251877,1712867769787,1712867772072,False,./profiling/aes_inputs/run40.json
AS-086ca19f-bceb-42ed-947d-7dac00e4147a,50,5900,AES2,23600,4513,6840,256,8,28.983296,1.3306242038216558,1.2417890722433893,1712867769791,1712867774304,False,./profiling/aes_inputs/run40.json
AS-086ca19f-bceb-42ed-947d-7dac00e4147a,50,5900,AES3,53100,6840,6840,256,8,35.590144,1.9623962264150943,1.858472798308459,1712867769785,1712867776625,False,./profiling/aes_inputs/run40.json
AS-086ca19f-bceb-42ed-947d-7dac00e4147a,50,5900,Stats,5900,26,,128,1,13.27104,0.00459375,0.00459375,1712867776657,1712867776683,False,./profiling/aes_inputs/run40.json
AS-921b83df-1c1f-424a-a0aa-03870d438399,50,5300,wait1,5300,1010,,128,1,10.223616,0.02019047619047619,0.007112595631409409,1712867777275,1712867778285,False,./profiling/aes_inputs/run34.json
AS-921b83df-1c1f-424a-a0aa-03870d438399,50,5300,AES1,5300,2193,6184,256,8,23.220224,0.6597607361963189,0.5971562240236724,1712867778330,1712867780523,False,./profiling/aes_inputs/run34.json
AS-921b83df-1c1f-424a-a0aa-03870d438399,50,5300,AES2,21200,4008,6184,256,8,29.20448,1.3362307692307693,1.2525838915683378,1712867778333,1712867782341,False,./profiling/aes_inputs/run34.json
AS-921b83df-1c1f-424a-a0aa-03870d438399,50,5300,AES3,47700,6184,6184,256,8,36.360192,1.9671949685534589,1.845687780905195,1712867778333,1712867784517,False,./profiling/aes_inputs/run34.json
AS-921b83df-1c1f-424a-a0aa-03870d438399,50,5300,Stats,5300,26,,128,1,13.500416,0.004584615384615385,0.004584615384615385,1712867784552,1712867784578,False,./profiling/aes_inputs/run34.json
AS-54d9f601-9f4a-4fc8-9ac4-23cffc593b66,50,8600,wait1,8600,1006,,128,1,10.125312,0.0071111111111111115,0.005616768315301479,1712867785128,1712867786134,False,./profiling/aes_inputs/run67.json
AS-54d9f601-9f4a-4fc8-9ac4-23cffc593b66,50,8600,AES1,8600,3304,10029,256,8,23.277568,0.65329375,0.6209097587342319,1712867786184,1712867789488,False,./profiling/aes_inputs/run67.json
AS-54d9f601-9f4a-4fc8-9ac4-23cffc593b66,50,8600,AES2,34400,7044,10029,256,8,28.901376,1.3028695652173914,1.1707433402463152,1712867786185,1712867793229,False,./profiling/aes_inputs/run67.json
AS-54d9f601-9f4a-4fc8-9ac4-23cffc593b66,50,8600,AES3,77400,10029,10029,256,8,36.257792,1.9773101265822786,1.8442970293620546,1712867786183,1712867796212,False,./profiling/aes_inputs/run67.json
AS-54d9f601-9f4a-4fc8-9ac4-23cffc593b66,50,8600,Stats,8600,26,,128,1,13.312,0.00526984126984127,0.00526984126984127,1712867796246,1712867796272,False,./profiling/aes_inputs/run67.json
AS-a88e923e-461d-4353-bd9b-dcedc75a0d5c,50,10100,wait1,10100,1011,,128,1,10.121216,0.020338461538461538,0.006700051713199755,1712867796824,1712867797835,False,./profiling/aes_inputs/run82.json
AS-a88e923e-461d-4353-bd9b-dcedc75a0d5c,50,10100,AES1,10100,3850,11706,256,8,23.355392,0.664388535031847,0.6278537868774097,1712867797895,1712867801745,False,./profiling/aes_inputs/run82.json
AS-a88e923e-461d-4353-bd9b-dcedc75a0d5c,50,10100,AES2,40400,7600,11706,256,8,29.466624,1.318993710691824,1.25265774089486,1712867797890,1712867805490,False,./profiling/aes_inputs/run82.json
AS-a88e923e-461d-4353-bd9b-dcedc75a0d5c,50,10100,AES3,90900,11706,11706,256,8,36.278272,2.0040833333333334,1.8532560923800578,1712867797893,1712867809599,False,./profiling/aes_inputs/run82.json
AS-a88e923e-461d-4353-bd9b-dcedc75a0d5c,50,10100,Stats,10100,27,,128,1,13.43488,0.005412698412698412,0.005412698412698412,1712867809648,1712867809675,False,./profiling/aes_inputs/run82.json
AS-72da0d00-d434-44e5-af36-dc8eba656f77,50,11200,wait1,11200,1011,,128,1,10.264576,0.023892307692307692,0.007279993603335436,1712867810239,1712867811250,False,./profiling/aes_inputs/run93.json
AS-72da0d00-d434-44e5-af36-dc8eba656f77,50,11200,AES1,11200,4306,12896,256,8,23.195648,0.6651464968152866,0.6215181823962065,1712867811311,1712867815617,False,./profiling/aes_inputs/run93.json
AS-72da0d00-d434-44e5-af36-dc8eba656f77,50,11200,AES2,44800,8858,12896,256,8,29.331456,1.3112830188679245,1.21592235027698,1712867811308,1712867820166,False,./profiling/aes_inputs/run93.json
AS-72da0d00-d434-44e5-af36-dc8eba656f77,50,11200,AES3,100800,12896,12896,256,8,36.560896,1.9902611464968154,1.8688959309461695,1712867811315,1712867824211,False,./profiling/aes_inputs/run93.json
AS-72da0d00-d434-44e5-af36-dc8eba656f77,50,11200,Stats,11200,26,,128,1,13.443072,0.0037187500000000003,0.0037187500000000003,1712867824257,1712867824283,False,./profiling/aes_inputs/run93.json
AS-11d4ac03-a40d-478d-a0a2-f8d443c2560c,50,4400,wait1,4400,1007,,128,1,10.28096,0.014984615384615384,0.006420575553283824,1712867824811,1712867825818,False,./profiling/aes_inputs/run25.json
AS-11d4ac03-a40d-478d-a0a2-f8d443c2560c,50,4400,AES1,4400,1730,5119,256,8,23.445504,0.6478819875776398,0.6155603624044704,1712867825871,1712867827601,False,./profiling/aes_inputs/run25.json
AS-11d4ac03-a40d-478d-a0a2-f8d443c2560c,50,4400,AES2,17600,3603,5119,256,8,29.298688,1.3179556962025316,1.1721640616430895,1712867825868,1712867829471,False,./profiling/aes_inputs/run25.json
AS-11d4ac03-a40d-478d-a0a2-f8d443c2560c,50,4400,AES3,39600,5119,5119,256,8,36.347904,1.976012658227848,1.864961574117031,1712867825870,1712867830989,False,./profiling/aes_inputs/run25.json
AS-11d4ac03-a40d-478d-a0a2-f8d443c2560c,50,4400,Stats,4400,25,,128,1,13.545472,0.003507936507936508,0.003507936507936508,1712867831025,1712867831050,False,./profiling/aes_inputs/run25.json
AS-05c50292-c41c-44ea-8105-48ef091bd60a,50,2800,wait1,2800,1006,,128,1,10.293248,0.01575757575757576,0.006167302626744259,1712867831584,1712867832590,False,./profiling/aes_inputs/run9.json
AS-05c50292-c41c-44ea-8105-48ef091bd60a,50,2800,AES1,2800,1123,3349,256,8,23.343104,0.6691923076923078,0.604676042001079,1712867832640,1712867833763,False,./profiling/aes_inputs/run9.json
AS-05c50292-c41c-44ea-8105-48ef091bd60a,50,2800,AES2,11200,2332,3349,256,8,29.466624,1.303,1.1649193657706431,1712867832642,1712867834974,False,./profiling/aes_inputs/run9.json
AS-05c50292-c41c-44ea-8105-48ef091bd60a,50,2800,AES3,25200,3349,3349,256,8,36.51584,1.9531437500000002,1.8157574393893368,1712867832639,1712867835988,False,./profiling/aes_inputs/run9.json
AS-05c50292-c41c-44ea-8105-48ef091bd60a,50,2800,Stats,2800,24,,128,1,13.561856,0.003596774193548387,0.003596774193548387,1712867836019,1712867836043,False,./profiling/aes_inputs/run9.json
AS-752721ec-6932-4579-adca-2d5b521ebf0f,50,9900,wait1,9900,1011,,128,1,10.190848,0.010359375,0.00702555500672066,1712867836612,1712867837623,False,./profiling/aes_inputs/run80.json
AS-752721ec-6932-4579-adca-2d5b521ebf0f,50,9900,AES1,9900,3806,11614,256,8,23.57248,0.657245283018868,0.622827330782935,1712867837664,1712867841470,False,./profiling/aes_inputs/run80.json
AS-752721ec-6932-4579-adca-2d5b521ebf0f,50,9900,AES2,39600,7514,11614,256,8,29.339648,1.3376794871794873,1.2427505519118356,1712867837663,1712867845177,False,./profiling/aes_inputs/run80.json
AS-752721ec-6932-4579-adca-2d5b521ebf0f,50,9900,AES3,89100,11614,11614,256,8,36.319232,1.9659559748427675,1.8422180961289982,1712867837668,1712867849282,False,./profiling/aes_inputs/run80.json
AS-752721ec-6932-4579-adca-2d5b521ebf0f,50,9900,Stats,9900,26,,128,1,13.508608,0.004553846153846154,0.004553846153846154,1712867849320,1712867849346,False,./profiling/aes_inputs/run80.json
AS-bfdd71aa-5724-42d2-9eab-53734864f696,50,8500,wait1,8500,1006,,128,1,10.338304,0.018446153846153848,0.0058859142770494805,1712867849858,1712867850864,False,./profiling/aes_inputs/run66.json
AS-bfdd71aa-5724-42d2-9eab-53734864f696,50,8500,AES1,8500,3302,10290,256,8,23.506944,0.65216875,0.6171208673358599,1712867850922,1712867854224,False,./profiling/aes_inputs/run66.json
AS-bfdd71aa-5724-42d2-9eab-53734864f696,50,8500,AES2,34000,6585,10290,256,8,29.4912,1.3166265822784808,1.2235612722916087,1712867850924,1712867857509,False,./profiling/aes_inputs/run66.json
AS-bfdd71aa-5724-42d2-9eab-53734864f696,50,8500,AES3,76500,10290,10290,256,8,36.524032,1.9637610062893083,1.7860114586264126,1712867850911,1712867861201,False,./profiling/aes_inputs/run66.json
AS-bfdd71aa-5724-42d2-9eab-53734864f696,50,8500,Stats,8500,25,,128,1,13.848576,0.004365079365079365,0.004365079365079365,1712867861240,1712867861265,False,./profiling/aes_inputs/run66.json
AS-90080139-9cdc-4490-902a-caf20ca38c75,50,3400,wait1,3400,1012,,128,1,10.26048,0.011190476190476192,0.0068487368504130995,1712867861856,1712867862868,False,./profiling/aes_inputs/run15.json
AS-90080139-9cdc-4490-902a-caf20ca38c75,50,3400,AES1,3400,1329,4056,256,8,23.59296,0.6646305732484076,0.6238837562883762,1712867862922,1712867864251,False,./profiling/aes_inputs/run15.json
AS-90080139-9cdc-4490-902a-caf20ca38c75,50,3400,AES2,13600,2695,4056,256,8,29.540352,1.30395625,1.2073038892605372,1712867862913,1712867865608,False,./profiling/aes_inputs/run15.json
AS-90080139-9cdc-4490-902a-caf20ca38c75,50,3400,AES3,30600,4056,4056,256,8,36.94592,1.97676582278481,1.8316423047085422,1712867862921,1712867866977,False,./profiling/aes_inputs/run15.json
AS-90080139-9cdc-4490-902a-caf20ca38c75,50,3400,Stats,3400,26,,128,1,13.778944,0.004078125,0.004078125,1712867867011,1712867867037,False,./profiling/aes_inputs/run15.json
AS-eeecebff-a0b9-451f-a5ca-c7fbfbefb8c2,50,7700,wait1,7700,1011,,128,1,10.174464,0.018515625,0.007452242955529497,1712867867519,1712867868530,False,./profiling/aes_inputs/run58.json
AS-eeecebff-a0b9-451f-a5ca-c7fbfbefb8c2,50,7700,AES1,7700,2944,9006,256,8,23.658496,0.672258064516129,0.6283069214336835,1712867868577,1712867871521,False,./profiling/aes_inputs/run58.json
AS-eeecebff-a0b9-451f-a5ca-c7fbfbefb8c2,50,7700,AES2,30800,6026,9006,256,8,29.741056,1.303125,1.2153770286793042,1712867868576,1712867874602,False,./profiling/aes_inputs/run58.json
AS-eeecebff-a0b9-451f-a5ca-c7fbfbefb8c2,50,7700,AES3,69300,9006,9006,256,8,36.667392,1.974898734177215,1.8484174952940466,1712867868578,1712867877584,False,./profiling/aes_inputs/run58.json
AS-eeecebff-a0b9-451f-a5ca-c7fbfbefb8c2,50,7700,Stats,7700,26,,128,1,13.623296,0.0047692307692307695,0.0047692307692307695,1712867877617,1712867877643,False,./profiling/aes_inputs/run58.json
AS-af914465-5494-4da7-a4bd-ebf671780b93,50,2900,wait1,2900,1011,,128,1,10.186752,0.019784615384615383,0.007060930784570928,1712867878219,1712867879230,False,./profiling/aes_inputs/run10.json
AS-af914465-5494-4da7-a4bd-ebf671780b93,50,2900,AES1,2900,1179,3510,256,8,23.670784,0.65329375,0.594493124610759,1712867879284,1712867880463,False,./profiling/aes_inputs/run10.json
AS-af914465-5494-4da7-a4bd-ebf671780b93,50,2900,AES2,11600,2292,3510,256,8,29.810688,1.314861635220126,1.2044592216486176,1712867879286,1712867881578,False,./profiling/aes_inputs/run10.json
AS-af914465-5494-4da7-a4bd-ebf671780b93,50,2900,AES3,26100,3510,3510,256,8,36.67968,1.9903248407643312,1.801513494329115,1712867879285,1712867882795,False,./profiling/aes_inputs/run10.json
AS-af914465-5494-4da7-a4bd-ebf671780b93,50,2900,Stats,2900,25,,128,1,13.492224,0.004174603174603175,0.004174603174603175,1712867882828,1712867882853,False,./profiling/aes_inputs/run10.json
AS-7497e7cf-bef7-4b21-8f9f-f2624112aeb3,50,6400,wait1,6400,1011,,128,1,10.326016,0.010718749999999999,0.006885256422359367,1712867883425,1712867884436,False,./profiling/aes_inputs/run45.json
AS-7497e7cf-bef7-4b21-8f9f-f2624112aeb3,50,6400,AES1,6400,2487,7491,256,8,24.014848,0.6581975308641975,0.6197203959106429,1712867884489,1712867886976,False,./profiling/aes_inputs/run45.json
AS-7497e7cf-bef7-4b21-8f9f-f2624112aeb3,50,6400,AES2,25600,4859,7491,256,8,29.884416,1.3067861635220126,1.2473410099115472,1712867884490,1712867889349,False,./profiling/aes_inputs/run45.json
AS-7497e7cf-bef7-4b21-8f9f-f2624112aeb3,50,6400,AES3,57600,7491,7491,256,8,36.43392,2.003076923076923,1.8486714178828034,1712867884479,1712867891970,False,./profiling/aes_inputs/run45.json
AS-7497e7cf-bef7-4b21-8f9f-f2624112aeb3,50,6400,Stats,6400,25,,128,1,13.6192,0.00556060606060606,0.00556060606060606,1712867892006,1712867892031,False,./profiling/aes_inputs/run45.json
AS-736ee31b-f0a7-447c-8bca-8f61687a05cb,50,10000,wait1,10000,1009,,128,1,10.334208,0.013045454545454544,0.00678543947617557,1712867892522,1712867893531,False,./profiling/aes_inputs/run81.json
AS-736ee31b-f0a7-447c-8bca-8f61687a05cb,50,10000,AES1,10000,3805,11644,256,8,23.760896,0.6536124999999999,0.6279263664209564,1712867893579,1712867897384,False,./profiling/aes_inputs/run81.json
AS-736ee31b-f0a7-447c-8bca-8f61687a05cb,50,10000,AES2,40000,7703,11644,256,8,29.995008,1.3409807692307694,1.232944690182221,1712867893578,1712867901281,False,./profiling/aes_inputs/run81.json
AS-736ee31b-f0a7-447c-8bca-8f61687a05cb,50,10000,AES3,90000,11644,11644,256,8,36.630528,1.977354430379747,1.8578037593501628,1712867893581,1712867905225,False,./profiling/aes_inputs/run81.json
AS-736ee31b-f0a7-447c-8bca-8f61687a05cb,50,10000,Stats,10000,27,,128,1,13.533184,0.0031492537313432835,0.0031492537313432835,1712867905257,1712867905284,False,./profiling/aes_inputs/run81.json
AS-415138a1-c18b-46b9-8483-eac79b974076,50,4900,wait1,4900,1008,,128,1,10.473472,0.011734375,0.005743113455193772,1712867905792,1712867906800,False,./profiling/aes_inputs/run30.json
AS-415138a1-c18b-46b9-8483-eac79b974076,50,4900,AES1,4900,1882,6025,256,8,23.79776,0.6692628205128205,0.626746228395875,1712867906854,1712867908736,False,./profiling/aes_inputs/run30.json
AS-415138a1-c18b-46b9-8483-eac79b974076,50,4900,AES2,19600,4003,6025,256,8,30.527488,1.3023375000000001,1.1722520409498998,1712867906850,1712867910853,False,./profiling/aes_inputs/run30.json
AS-415138a1-c18b-46b9-8483-eac79b974076,50,4900,AES3,44100,6025,6025,256,8,35.897344,2.0024871794871797,1.7744271779354899,1712867906852,1712867912877,False,./profiling/aes_inputs/run30.json
AS-415138a1-c18b-46b9-8483-eac79b974076,50,4900,Stats,4900,26,,128,1,13.63968,0.00646875,0.00646875,1712867912913,1712867912939,False,./profiling/aes_inputs/run30.json
AS-96a59dc4-3a35-4ec8-a9d4-9c9f4a7005cf,50,6800,wait1,6800,1007,,128,1,10.256384,0.016815384615384614,0.0062703537385973415,1712867913521,1712867914528,False,./profiling/aes_inputs/run49.json
AS-96a59dc4-3a35-4ec8-a9d4-9c9f4a7005cf,50,6800,AES1,6800,2641,7958,256,8,23.822336,0.6492608695652174,0.6193823750090511,1712867914577,1712867917218,False,./profiling/aes_inputs/run49.json
AS-96a59dc4-3a35-4ec8-a9d4-9c9f4a7005cf,50,6800,AES2,27200,5879,7958,256,8,30.834688,1.315326923076923,1.1249665359968901,1712867914577,1712867920456,False,./profiling/aes_inputs/run49.json
AS-96a59dc4-3a35-4ec8-a9d4-9c9f4a7005cf,50,6800,AES3,61200,7958,7958,256,8,36.339712,1.9785379746835443,1.8583259124012264,1712867914574,1712867922532,False,./profiling/aes_inputs/run49.json
AS-96a59dc4-3a35-4ec8-a9d4-9c9f4a7005cf,50,6800,Stats,6800,25,,128,1,13.643776,0.005227272727272727,0.005227272727272727,1712867922566,1712867922591,False,./profiling/aes_inputs/run49.json
AS-14f0fecc-2c87-4514-8b40-6bb5e9856928,50,11800,wait1,11800,1010,,128,1,10.268672,0.009723076923076923,0.0064989469784750425,1712867923168,1712867924178,False,./profiling/aes_inputs/run99.json
AS-14f0fecc-2c87-4514-8b40-6bb5e9856928,50,11800,AES1,11800,4519,13649,256,8,24.080384,0.6733653846153846,0.6260303687723033,1712867924230,1712867928749,False,./profiling/aes_inputs/run99.json
AS-14f0fecc-2c87-4514-8b40-6bb5e9856928,50,11800,AES2,47200,9009,13649,256,8,30.86336,1.326592356687898,1.2427703131766703,1712867924232,1712867933241,False,./profiling/aes_inputs/run99.json
AS-14f0fecc-2c87-4514-8b40-6bb5e9856928,50,11800,AES3,106200,13649,13649,256,8,35.90144,2.001724358974359,1.8661824114034558,1712867924228,1712867937877,False,./profiling/aes_inputs/run99.json
AS-14f0fecc-2c87-4514-8b40-6bb5e9856928,50,11800,Stats,11800,29,,128,1,13.668352,0.00346875,0.00346875,1712867937911,1712867937940,False,./profiling/aes_inputs/run99.json
AS-2dc5b038-91ff-457b-a8a4-c50a833f1fe9,50,9200,wait1,9200,1010,,128,1,10.6496,0.0099375,0.006842771807411374,1712867938504,1712867939514,False,./profiling/aes_inputs/run73.json
AS-2dc5b038-91ff-457b-a8a4-c50a833f1fe9,50,9200,AES1,9200,3543,10721,256,8,23.834624,0.6550128205128205,0.6241704378385295,1712867939558,1712867943101,False,./profiling/aes_inputs/run73.json
AS-2dc5b038-91ff-457b-a8a4-c50a833f1fe9,50,9200,AES2,36800,7030,10721,256,8,30.96576,1.3273949044585986,1.2392273754976795,1712867939555,1712867946585,False,./profiling/aes_inputs/run73.json
AS-2dc5b038-91ff-457b-a8a4-c50a833f1fe9,50,9200,AES3,82800,10721,10721,256,8,35.75808,1.9865,1.8582097249796448,1712867939554,1712867950275,False,./profiling/aes_inputs/run73.json
AS-2dc5b038-91ff-457b-a8a4-c50a833f1fe9,50,9200,Stats,9200,24,,128,1,13.76256,0.0036769230769230768,0.0036769230769230768,1712867950311,1712867950335,False,./profiling/aes_inputs/run73.json
AS-0e97423a-31b3-41da-9031-3e110e739e31,50,6900,wait1,6900,1006,,128,1,10.678272,0.008499999999999999,0.00573979242449453,1712867950849,1712867951855,False,./profiling/aes_inputs/run50.json
AS-0e97423a-31b3-41da-9031-3e110e739e31,50,6900,AES1,6900,2639,7950,256,8,23.924736,0.65315,0.6259982068583899,1712867951911,1712867954550,False,./profiling/aes_inputs/run50.json
AS-0e97423a-31b3-41da-9031-3e110e739e31,50,6900,AES2,27600,5270,7950,256,8,31.043584,1.3092893081761006,1.240509382949604,1712867951912,1712867957182,False,./profiling/aes_inputs/run50.json
AS-0e97423a-31b3-41da-9031-3e110e739e31,50,6900,AES3,62100,7950,7950,256,8,35.930112,1.9776012658227848,1.867157485638655,1712867951910,1712867959860,False,./profiling/aes_inputs/run50.json
AS-0e97423a-31b3-41da-9031-3e110e739e31,50,6900,Stats,6900,25,,128,1,13.774848,0.005828125,0.005828125,1712867959897,1712867959922,False,./profiling/aes_inputs/run50.json
AS-2924e281-4b7d-4065-8904-373f9ca8793a,50,9000,wait1,9000,1006,,128,1,10.461184,0.018187500000000002,0.005777725631840177,1712867960447,1712867961453,False,./profiling/aes_inputs/run71.json
AS-2924e281-4b7d-4065-8904-373f9ca8793a,50,9000,AES1,9000,3448,10476,256,8,24.190976,0.6512625,0.623695048607471,1712867961498,1712867964946,False,./profiling/aes_inputs/run71.json
AS-2924e281-4b7d-4065-8904-373f9ca8793a,50,9000,AES2,36000,6786,10476,256,8,31.010816,1.3367115384615387,1.248250588730348,1712867961495,1712867968281,False,./profiling/aes_inputs/run71.json
AS-2924e281-4b7d-4065-8904-373f9ca8793a,50,9000,AES3,81000,10476,10476,256,8,36.069376,1.9885541401273885,1.8530264218208456,1712867961496,1712867971972,False,./profiling/aes_inputs/run71.json
AS-2924e281-4b7d-4065-8904-373f9ca8793a,50,9000,Stats,9000,25,,128,1,13.688832,0.005656250000000001,0.005656250000000001,1712867972005,1712867972030,False,./profiling/aes_inputs/run71.json
AS-ff7abb5c-a7cb-4fa3-a7f0-6ccb61e2ca04,50,11700,wait1,11700,1006,,128,1,10.469376,0.013906249999999998,0.005783958143478105,1712867972549,1712867973555,False,./profiling/aes_inputs/run98.json
AS-ff7abb5c-a7cb-4fa3-a7f0-6ccb61e2ca04,50,11700,AES1,11700,4767,13595,256,8,24.039424,0.657251572327044,0.6045224754666207,1712867973614,1712867978381,False,./profiling/aes_inputs/run98.json
AS-ff7abb5c-a7cb-4fa3-a7f0-6ccb61e2ca04,50,11700,AES2,46800,8824,13595,256,8,30.973952,1.3725895953757226,1.253741715403863,1712867973612,1712867982436,False,./profiling/aes_inputs/run98.json
AS-ff7abb5c-a7cb-4fa3-a7f0-6ccb61e2ca04,50,11700,AES3,105300,13595,13595,256,8,36.093952,2.0163012820512822,1.851542029237741,1712867973620,1712867987215,False,./profiling/aes_inputs/run98.json
AS-ff7abb5c-a7cb-4fa3-a7f0-6ccb61e2ca04,50,11700,Stats,11700,26,,128,1,13.627392,0.004015625,0.004015625,1712867987262,1712867987288,False,./profiling/aes_inputs/run98.json
AS-f6c8c850-fa69-46fb-ba90-eb61a589f678,50,4800,wait1,4800,1009,,128,1,10.510336,0.019222222222222224,0.006862934034498141,1712867987835,1712867988844,False,./profiling/aes_inputs/run29.json
AS-f6c8c850-fa69-46fb-ba90-eb61a589f678,50,4800,AES1,4800,1881,5778,256,8,24.006656,0.6596582278481012,0.6108813204430646,1712867988885,1712867990766,False,./profiling/aes_inputs/run29.json
AS-f6c8c850-fa69-46fb-ba90-eb61a589f678,50,4800,AES2,19200,3650,5778,256,8,31.199232,1.3364394904458599,1.2449269068556226,1712867988887,1712867992537,False,./profiling/aes_inputs/run29.json
AS-f6c8c850-fa69-46fb-ba90-eb61a589f678,50,4800,AES3,43200,5778,5778,256,8,36.12672,1.9644842767295598,1.801785581707433,1712867988883,1712867994661,False,./profiling/aes_inputs/run29.json
AS-f6c8c850-fa69-46fb-ba90-eb61a589f678,50,4800,Stats,4800,23,,128,1,13.303808,0.0034090909090909094,0.0034090909090909094,1712867994685,1712867994708,False,./profiling/aes_inputs/run29.json
AS-fb79c1cf-35e5-461c-9342-3a537eebb9af,50,8100,wait1,8100,1008,,128,1,10.510336,0.019666666666666666,0.006114963199517186,1712867995241,1712867996249,False,./profiling/aes_inputs/run62.json
AS-fb79c1cf-35e5-461c-9342-3a537eebb9af,50,8100,AES1,8100,3299,9420,256,8,24.236032,0.6526832298136647,0.60555502851017,1712867996303,1712867999602,False,./profiling/aes_inputs/run62.json
AS-fb79c1cf-35e5-461c-9342-3a537eebb9af,50,8100,AES2,32400,6231,9420,256,8,31.21152,1.3453612903225807,1.2331905766964697,1712867996304,1712868002535,False,./profiling/aes_inputs/run62.json
AS-fb79c1cf-35e5-461c-9342-3a537eebb9af,50,8100,AES3,72900,9420,9420,256,8,36.012032,1.9878853503184712,1.8536295931874696,1712867996302,1712868005722,False,./profiling/aes_inputs/run62.json
AS-fb79c1cf-35e5-461c-9342-3a537eebb9af,50,8100,Stats,8100,25,,128,1,13.303808,0.002619047619047619,0.002619047619047619,1712868005753,1712868005778,False,./profiling/aes_inputs/run62.json
AS-214b89c4-9e89-4118-9cd1-8a16ef23a60d,50,10800,wait1,10800,1008,,128,1,10.518528,0.014109375,0.005866204975579976,1712868006341,1712868007349,False,./profiling/aes_inputs/run89.json
AS-214b89c4-9e89-4118-9cd1-8a16ef23a60d,50,10800,AES1,10800,4258,12408,256,8,24.154112,0.6587341772151899,0.6150846986044783,1712868007404,1712868011662,False,./profiling/aes_inputs/run89.json
AS-214b89c4-9e89-4118-9cd1-8a16ef23a60d,50,10800,AES2,43200,8153,12408,256,8,31.248384,1.3242484076433119,1.2500439513916901,1712868007409,1712868015562,False,./profiling/aes_inputs/run89.json
AS-214b89c4-9e89-4118-9cd1-8a16ef23a60d,50,10800,AES3,97200,12408,12408,256,8,36.048896,1.9774177215189872,1.872776473307877,1712868007405,1712868019813,False,./profiling/aes_inputs/run89.json
AS-214b89c4-9e89-4118-9cd1-8a16ef23a60d,50,10800,Stats,10800,25,,128,1,13.201408,0.003328358208955224,0.003328358208955224,1712868019847,1712868019872,False,./profiling/aes_inputs/run89.json
AS-5fe1aee7-bd24-4268-9f9f-9a4e85bde7c8,50,8300,wait1,8300,1009,,128,1,10.555392,0.017166666666666667,0.006556208896070647,1712868020430,1712868021439,False,./profiling/aes_inputs/run64.json
AS-5fe1aee7-bd24-4268-9f9f-9a4e85bde7c8,50,8300,AES1,8300,3203,9773,256,8,24.219648,0.6615925925925926,0.6215245933638828,1712868021488,1712868024691,False,./profiling/aes_inputs/run64.json
AS-5fe1aee7-bd24-4268-9f9f-9a4e85bde7c8,50,8300,AES2,33200,6292,9773,256,8,31.363072,1.3454967741935484,1.2485814715174957,1712868021484,1712868027776,False,./profiling/aes_inputs/run64.json
AS-5fe1aee7-bd24-4268-9f9f-9a4e85bde7c8,50,8300,AES3,74700,9773,9773,256,8,36.212736,1.974859872611465,1.8305784478479343,1712868021489,1712868031262,False,./profiling/aes_inputs/run64.json
AS-5fe1aee7-bd24-4268-9f9f-9a4e85bde7c8,50,8300,Stats,8300,26,,128,1,13.312,0.005461538461538462,0.005461538461538462,1712868031297,1712868031323,False,./profiling/aes_inputs/run64.json
AS-9053d83e-aba8-4c26-893f-0adc3fb1d8b3,50,5600,wait1,5600,1007,,128,1,10.715136,0.007031746031746031,0.005589280334178293,1712868031972,1712868032979,False,./profiling/aes_inputs/run37.json
AS-9053d83e-aba8-4c26-893f-0adc3fb1d8b3,50,5600,AES1,5600,2184,6700,256,8,24.2688,0.6496875000000001,0.614406350633494,1712868033023,1712868035207,False,./profiling/aes_inputs/run37.json
AS-9053d83e-aba8-4c26-893f-0adc3fb1d8b3,50,5600,AES2,22400,4464,6700,256,8,29.85984,1.3435483870967744,1.1967949717566515,1712868033024,1712868037488,False,./profiling/aes_inputs/run37.json
AS-9053d83e-aba8-4c26-893f-0adc3fb1d8b3,50,5600,AES3,50400,6700,6700,256,8,35.987456,2.0034807692307695,1.805165182000353,1712868033021,1712868039721,False,./profiling/aes_inputs/run37.json
AS-9053d83e-aba8-4c26-893f-0adc3fb1d8b3,50,5600,Stats,5600,24,,128,1,13.426688,0.0053125,0.0053125,1712868039751,1712868039775,False,./profiling/aes_inputs/run37.json
AS-cbd67128-92d0-42e9-bf18-c522124344d5,50,7300,wait1,7300,1006,,128,1,10.489856,0.01958461538461538,0.005937220150378479,1712868040314,1712868041320,False,./profiling/aes_inputs/run54.json
AS-cbd67128-92d0-42e9-bf18-c522124344d5,50,7300,AES1,7300,2795,8718,256,8,24.276992,0.653472049689441,0.6249485306803733,1712868041360,1712868044155,False,./profiling/aes_inputs/run54.json
AS-cbd67128-92d0-42e9-bf18-c522124344d5,50,7300,AES2,29200,5579,8718,256,8,29.929472,1.3203227848101264,1.2420778845604852,1712868041362,1712868046941,False,./profiling/aes_inputs/run54.json
AS-cbd67128-92d0-42e9-bf18-c522124344d5,50,7300,AES3,65700,8718,8718,256,8,36.10624,1.9772025316455697,1.8091363888153225,1712868041362,1712868050080,False,./profiling/aes_inputs/run54.json
AS-cbd67128-92d0-42e9-bf18-c522124344d5,50,7300,Stats,7300,24,,128,1,13.430784,0.004,0.004,1712868050112,1712868050136,False,./profiling/aes_inputs/run54.json
AS-ef4cf213-e44d-4000-8778-306c53be5bfb,50,11100,wait1,11100,1006,,128,1,10.633216,0.020015873015873015,0.005873016681630491,1712868050687,1712868051693,False,./profiling/aes_inputs/run92.json
AS-ef4cf213-e44d-4000-8778-306c53be5bfb,50,11100,AES1,11100,4211,13156,256,8,24.354816,0.6611708860759493,0.6282165555828673,1712868051731,1712868055942,False,./profiling/aes_inputs/run92.json
AS-ef4cf213-e44d-4000-8778-306c53be5bfb,50,11100,AES2,44400,8398,13156,256,8,29.7984,1.3356346153846155,1.2485663928280115,1712868051739,1712868060137,False,./profiling/aes_inputs/run92.json
AS-ef4cf213-e44d-4000-8778-306c53be5bfb,50,11100,AES3,99900,13156,13156,256,8,36.02432,3.7080161290322584,1.8582307535326898,1712868051741,1712868064897,False,./profiling/aes_inputs/run92.json
AS-ef4cf213-e44d-4000-8778-306c53be5bfb,50,11100,Stats,11100,26,,128,1,13.561856,0.003865671641791045,0.003865671641791045,1712868064939,1712868064965,False,./profiling/aes_inputs/run92.json
AS-d4825251-b903-4d6b-a831-f69e85f93e0d,50,2100,wait1,2100,1011,,128,1,10.510336,0.021523076923076926,0.007483372417438824,1712868065519,1712868066530,False,./profiling/aes_inputs/run2.json
AS-d4825251-b903-4d6b-a831-f69e85f93e0d,50,2100,AES1,2100,874,2491,256,8,25.2928,0.6728774193548387,0.6014110556438375,1712868066574,1712868067448,False,./profiling/aes_inputs/run2.json
AS-d4825251-b903-4d6b-a831-f69e85f93e0d,50,2100,AES2,8400,1884,2491,256,8,29.933568,1.3196666666666668,1.0993480041477035,1712868066569,1712868068453,False,./profiling/aes_inputs/run2.json
AS-d4825251-b903-4d6b-a831-f69e85f93e0d,50,2100,AES3,18900,2491,2491,256,8,36.028416,1.9515625,1.8304103024393004,1712868066575,1712868069066,False,./profiling/aes_inputs/run2.json
AS-d4825251-b903-4d6b-a831-f69e85f93e0d,50,2100,Stats,2100,25,,128,1,13.307904,0.005138461538461538,0.005138461538461538,1712868069089,1712868069114,False,./profiling/aes_inputs/run2.json
AS-80b7bdf3-af1e-4374-b362-48710e31d2e3,50,7600,wait1,7600,1012,,128,1,10.760192,0.021369230769230772,0.0074424095901625565,1712868069639,1712868070651,False,./profiling/aes_inputs/run57.json
AS-80b7bdf3-af1e-4374-b362-48710e31d2e3,50,7600,AES1,7600,2950,8824,256,8,25.1904,0.6651273885350318,0.622198587148976,1712868070688,1712868073638,False,./profiling/aes_inputs/run57.json
AS-80b7bdf3-af1e-4374-b362-48710e31d2e3,50,7600,AES2,30400,5829,8824,256,8,29.929472,1.3270382165605097,1.2373165208003953,1712868070693,1712868076522,False,./profiling/aes_inputs/run57.json
AS-80b7bdf3-af1e-4374-b362-48710e31d2e3,50,7600,AES3,68400,8824,8824,256,8,36.352,1.9677106918238993,1.866520547771518,1712868070692,1712868079516,False,./profiling/aes_inputs/run57.json
AS-80b7bdf3-af1e-4374-b362-48710e31d2e3,50,7600,Stats,7600,25,,128,1,13.328384,0.0035,0.0035,1712868079543,1712868079568,False,./profiling/aes_inputs/run57.json
AS-7f293b72-43a5-434f-b0c0-1a46d811df19,50,3600,wait1,3600,1009,,128,1,10.784768,0.01926984126984127,0.0069486586576962646,1712868080101,1712868081110,False,./profiling/aes_inputs/run17.json
AS-7f293b72-43a5-434f-b0c0-1a46d811df19,50,3600,AES1,3600,1585,4219,256,8,25.12896,0.6370253164556962,0.5791622732808145,1712868081152,1712868082737,False,./profiling/aes_inputs/run17.json
AS-7f293b72-43a5-434f-b0c0-1a46d811df19,50,3600,AES2,14400,2906,4219,256,8,30.08512,1.3187764705882352,1.1913597173068708,1712868081150,1712868084056,False,./profiling/aes_inputs/run17.json
AS-7f293b72-43a5-434f-b0c0-1a46d811df19,50,3600,AES3,32400,4219,4219,256,8,36.171776,1.9522249999999999,1.8484984475827286,1712868081153,1712868085372,False,./profiling/aes_inputs/run17.json
AS-7f293b72-43a5-434f-b0c0-1a46d811df19,50,3600,Stats,3600,24,,128,1,13.45536,0.0035,0.0035,1712868085400,1712868085424,False,./profiling/aes_inputs/run17.json
AS-39ea8c94-b627-4e6b-b8db-167c7d7fec57,50,6700,wait1,6700,1012,,128,1,10.69056,0.010723076923076922,0.007242597425250482,1712868085932,1712868086944,False,./profiling/aes_inputs/run48.json
AS-39ea8c94-b627-4e6b-b8db-167c7d7fec57,50,6700,AES1,6700,2645,7859,256,8,25.563136,0.65305,0.6113570489261823,1712868086989,1712868089634,False,./profiling/aes_inputs/run48.json
AS-39ea8c94-b627-4e6b-b8db-167c7d7fec57,50,6700,AES2,26800,5528,7859,256,8,29.970432,1.3115849056603772,1.1642103635433396,1712868086989,1712868092517,False,./profiling/aes_inputs/run48.json
AS-39ea8c94-b627-4e6b-b8db-167c7d7fec57,50,6700,AES3,60300,7859,7859,256,8,36.134912,1.9912051282051282,1.8425714297880313,1712868086989,1712868094848,False,./profiling/aes_inputs/run48.json
AS-39ea8c94-b627-4e6b-b8db-167c7d7fec57,50,6700,Stats,6700,25,,128,1,13.344768,0.00384375,0.00384375,1712868094875,1712868094900,False,./profiling/aes_inputs/run48.json
AS-85255fc0-7396-43b4-9a62-490a74349d44,50,12000,wait1,12000,1010,,128,1,10.698752,0.02146031746031746,0.006925397088151331,1712868095449,1712868096459,False,./profiling/aes_inputs/run101.json
AS-85255fc0-7396-43b4-9a62-490a74349d44,50,12000,AES1,12000,4566,13927,256,8,25.276416,0.6570837988826815,0.626315576922184,1712868096513,1712868101079,False,./profiling/aes_inputs/run101.json
AS-85255fc0-7396-43b4-9a62-490a74349d44,50,12000,AES2,48000,9125,13927,256,8,29.884416,1.3139620253164557,1.2447062706834258,1712868096513,1712868105638,False,./profiling/aes_inputs/run101.json
AS-85255fc0-7396-43b4-9a62-490a74349d44,50,12000,AES3,108000,13927,13927,256,8,36.052992,2.0165548387096774,1.8606054929938802,1712868096511,1712868110438,False,./profiling/aes_inputs/run101.json
AS-85255fc0-7396-43b4-9a62-490a74349d44,50,12000,Stats,12000,25,,128,1,13.627392,0.003476923076923077,0.003476923076923077,1712868110475,1712868110500,False,./profiling/aes_inputs/run101.json
AS-58f0d03c-10b8-4e12-8814-fb121f3d40dd,50,4100,wait1,4100,1005,,128,1,10.842112,0.020999999999999998,0.005500934995999535,1712868111063,1712868112068,False,./profiling/aes_inputs/run22.json
AS-58f0d03c-10b8-4e12-8814-fb121f3d40dd,50,4100,AES1,4100,1730,4933,256,8,25.21088,0.649192546583851,0.579787699737271,1712868112116,1712868113846,False,./profiling/aes_inputs/run22.json
AS-58f0d03c-10b8-4e12-8814-fb121f3d40dd,50,4100,AES2,16400,3156,4933,256,8,29.876224,1.3134713375796179,1.23619142335332,1712868112113,1712868115269,False,./profiling/aes_inputs/run22.json
AS-58f0d03c-10b8-4e12-8814-fb121f3d40dd,50,4100,AES3,36900,4933,4933,256,8,36.241408,1.9668789808917198,1.8075360590721081,1712868112116,1712868117049,False,./profiling/aes_inputs/run22.json
AS-58f0d03c-10b8-4e12-8814-fb121f3d40dd,50,4100,Stats,4100,24,,128,1,13.406208,0.004109375,0.004109375,1712868117074,1712868117098,False,./profiling/aes_inputs/run22.json
AS-fe7b2256-2c0a-4d1a-855b-8e19415f22b4,50,7800,wait1,7800,1008,,128,1,10.752,0.01776923076923077,0.00670580089850169,1712868117576,1712868118584,False,./profiling/aes_inputs/run59.json
AS-fe7b2256-2c0a-4d1a-855b-8e19415f22b4,50,7800,AES1,7800,3002,9109,256,8,25.198592,0.6649235668789809,0.6262644287968778,1712868118637,1712868121639,False,./profiling/aes_inputs/run59.json
AS-fe7b2256-2c0a-4d1a-855b-8e19415f22b4,50,7800,AES2,31200,6026,9109,256,8,29.954048,1.3150189873417721,1.2331236130363794,1712868118646,1712868124672,False,./profiling/aes_inputs/run59.json
AS-fe7b2256-2c0a-4d1a-855b-8e19415f22b4,50,7800,AES3,70200,9109,9109,256,8,36.470784,1.9699554140127387,1.8434053165314768,1712868118645,1712868127754,False,./profiling/aes_inputs/run59.json
AS-fe7b2256-2c0a-4d1a-855b-8e19415f22b4,50,7800,Stats,7800,25,,128,1,13.418496,0.004861538461538461,0.004861538461538461,1712868127786,1712868127811,False,./profiling/aes_inputs/run59.json
AS-bb806846-ba90-4e2f-a330-134342525915,50,3900,wait1,3900,1007,,128,1,10.77248,0.008636363636363636,0.005619263996417963,1712868128403,1712868129410,False,./profiling/aes_inputs/run20.json
AS-bb806846-ba90-4e2f-a330-134342525915,50,3900,AES1,3900,1529,4517,256,8,25.16992,0.6494285714285715,0.6178050600995127,1712868129451,1712868130980,False,./profiling/aes_inputs/run20.json
AS-bb806846-ba90-4e2f-a330-134342525915,50,3900,AES2,15600,3299,4517,256,8,29.77792,1.29179375,1.165101698052509,1712868129452,1712868132751,False,./profiling/aes_inputs/run20.json
AS-bb806846-ba90-4e2f-a330-134342525915,50,3900,AES3,35100,4517,4517,256,8,36.388864,1.95235,1.8537208550624602,1712868129449,1712868133966,False,./profiling/aes_inputs/run20.json
AS-bb806846-ba90-4e2f-a330-134342525915,50,3900,Stats,3900,24,,128,1,13.5168,0.005140624999999999,0.005140624999999999,1712868133990,1712868134014,False,./profiling/aes_inputs/run20.json
AS-621b5bfb-5df5-4b24-ab2a-17f9dc26f787,50,9400,wait1,9400,1009,,128,1,10.788864,0.009723076923076923,0.006254299558973685,1712868134612,1712868135621,False,./profiling/aes_inputs/run75.json
AS-621b5bfb-5df5-4b24-ab2a-17f9dc26f787,50,9400,AES1,9400,3653,12366,256,8,25.321472,0.6667006369426752,0.6180861532784303,1712868135677,1712868139330,False,./profiling/aes_inputs/run75.json
AS-621b5bfb-5df5-4b24-ab2a-17f9dc26f787,50,9400,AES2,37600,8462,12366,256,8,30.1056,3.9640548780487803,1.275966415116888,1712868135681,1712868144143,False,./profiling/aes_inputs/run75.json
AS-621b5bfb-5df5-4b24-ab2a-17f9dc26f787,50,9400,AES3,84600,12366,12366,256,8,36.364288,7.026430939226519,1.8733576028924168,1712868135670,1712868148036,False,./profiling/aes_inputs/run75.json
AS-621b5bfb-5df5-4b24-ab2a-17f9dc26f787,50,9400,Stats,9400,26,,128,1,13.631488,0.006651515151515152,0.006651515151515152,1712868148067,1712868148093,False,./profiling/aes_inputs/run75.json
AS-a5ae256c-6d7f-4309-a506-9a74cc81121d,50,9600,wait1,9600,1006,,128,1,10.821632,0.008265625,0.0058110752955711845,1712868148688,1712868149694,False,./profiling/aes_inputs/run77.json
AS-a5ae256c-6d7f-4309-a506-9a74cc81121d,50,9600,AES1,9600,3719,11098,256,8,25.280512,0.6712948717948718,0.6240567903968121,1712868149747,1712868153466,False,./profiling/aes_inputs/run77.json
AS-a5ae256c-6d7f-4309-a506-9a74cc81121d,50,9600,AES2,38400,7269,11098,256,8,29.986816,1.3296624203821654,1.257276436077144,1712868149741,1712868157010,False,./profiling/aes_inputs/run77.json
AS-a5ae256c-6d7f-4309-a506-9a74cc81121d,50,9600,AES3,86400,11098,11098,256,8,36.634624,1.996955128205128,1.8656645401071175,1712868149756,1712868160854,False,./profiling/aes_inputs/run77.json
AS-a5ae256c-6d7f-4309-a506-9a74cc81121d,50,9600,Stats,9600,26,,128,1,13.430784,0.005757575757575757,0.005757575757575757,1712868160896,1712868160922,False,./profiling/aes_inputs/run77.json
AS-554e29cc-2ace-4c5f-9938-14be8a57cacf,50,5100,wait1,5100,1009,,128,1,10.73152,0.023075757575757576,0.0066270254051504045,1712868161498,1712868162507,False,./profiling/aes_inputs/run32.json
AS-554e29cc-2ace-4c5f-9938-14be8a57cacf,50,5100,AES1,5100,1983,5935,256,8,25.31328,0.65176875,0.6230806044151272,1712868162554,1712868164537,False,./profiling/aes_inputs/run32.json
AS-554e29cc-2ace-4c5f-9938-14be8a57cacf,50,5100,AES2,20400,3961,5935,256,8,30.02368,1.30320625,1.227524842736277,1712868162549,1712868166510,False,./profiling/aes_inputs/run32.json
AS-554e29cc-2ace-4c5f-9938-14be8a57cacf,50,5100,AES3,45900,5935,5935,256,8,36.507648,2.0026858974358976,1.8531320716485997,1712868162558,1712868168493,False,./profiling/aes_inputs/run32.json
AS-554e29cc-2ace-4c5f-9938-14be8a57cacf,50,5100,Stats,5100,25,,128,1,13.524992,0.004923076923076922,0.004923076923076922,1712868168524,1712868168549,False,./profiling/aes_inputs/run32.json
AS-2bffff40-79e5-4c09-b6fb-c9fe854665a6,50,6600,wait1,6600,1009,,128,1,10.752,0.01475,0.00687746759239677,1712868169059,1712868170068,False,./profiling/aes_inputs/run47.json
AS-2bffff40-79e5-4c09-b6fb-c9fe854665a6,50,6600,AES1,6600,2540,7848,256,8,25.33376,0.664484076433121,0.6217191927340755,1712868170112,1712868172652,False,./profiling/aes_inputs/run47.json
AS-2bffff40-79e5-4c09-b6fb-c9fe854665a6,50,6600,AES2,26400,5018,7848,256,8,30.048256,1.3257707006369426,1.2489842148201775,1712868170110,1712868175128,False,./profiling/aes_inputs/run47.json
AS-2bffff40-79e5-4c09-b6fb-c9fe854665a6,50,6600,AES3,59400,7848,7848,256,8,36.859904,1.9668364779874214,1.8238898884732477,1712868170113,1712868177961,False,./profiling/aes_inputs/run47.json
AS-2bffff40-79e5-4c09-b6fb-c9fe854665a6,50,6600,Stats,6600,24,,128,1,13.426688,0.004046875,0.004046875,1712868177990,1712868178014,False,./profiling/aes_inputs/run47.json
AS-5049850f-0fb4-49c5-bd3e-8ff50cd32329,50,10500,wait1,10500,1009,,128,1,11.001856,0.017365079365079365,0.006959346570591048,1712868178558,1712868179567,False,./profiling/aes_inputs/run86.json
AS-5049850f-0fb4-49c5-bd3e-8ff50cd32329,50,10500,AES1,10500,4018,12490,256,8,25.350144,0.6537037037037037,0.6214293562811533,1712868179617,1712868183635,False,./profiling/aes_inputs/run86.json
AS-5049850f-0fb4-49c5-bd3e-8ff50cd32329,50,10500,AES2,42000,7965,12490,256,8,29.937664,1.30723125,1.2479801703984459,1712868179614,1712868187579,False,./profiling/aes_inputs/run86.json
AS-5049850f-0fb4-49c5-bd3e-8ff50cd32329,50,10500,AES3,94500,12490,12490,256,8,36.528128,1.99056050955414,1.8237403868745365,1712868179618,1712868192108,False,./profiling/aes_inputs/run86.json
AS-5049850f-0fb4-49c5-bd3e-8ff50cd32329,50,10500,Stats,10500,26,,128,1,13.561856,0.005301587301587301,0.005301587301587301,1712868192144,1712868192170,False,./profiling/aes_inputs/run86.json
AS-ed86aa62-e52b-49a6-a709-aeb4819dbe69,50,8900,wait1,8900,1009,,128,1,10.91584,0.019265625,0.006666500253047735,1712868192763,1712868193772,False,./profiling/aes_inputs/run70.json
AS-ed86aa62-e52b-49a6-a709-aeb4819dbe69,50,8900,AES1,8900,3459,10384,256,8,25.780224,0.6538125,0.6245212059320016,1712868193814,1712868197273,False,./profiling/aes_inputs/run70.json
AS-ed86aa62-e52b-49a6-a709-aeb4819dbe69,50,8900,AES2,35600,6793,10384,256,8,29.937664,1.331774193548387,1.2401976431975268,1712868193811,1712868200604,False,./profiling/aes_inputs/run70.json
AS-ed86aa62-e52b-49a6-a709-aeb4819dbe69,50,8900,AES3,80100,10384,10384,256,8,36.671488,2.003282051282051,1.8537472470157743,1712868193813,1712868204197,False,./profiling/aes_inputs/run70.json
AS-ed86aa62-e52b-49a6-a709-aeb4819dbe69,50,8900,Stats,8900,24,,128,1,13.778944,0.004393939393939394,0.004393939393939394,1712868204226,1712868204250,False,./profiling/aes_inputs/run70.json
AS-ee41ba79-2836-492d-b63f-93e21acfd1f8,50,5200,wait1,5200,1007,,128,1,10.928128,0.02118181818181818,0.006330577026431616,1712868204734,1712868205741,False,./profiling/aes_inputs/run33.json
AS-ee41ba79-2836-492d-b63f-93e21acfd1f8,50,5200,AES1,5200,2032,6086,256,8,24.236032,0.6650955414012739,0.6184514159357901,1712868205786,1712868207818,False,./profiling/aes_inputs/run33.json
AS-ee41ba79-2836-492d-b63f-93e21acfd1f8,50,5200,AES2,20800,4105,6086,256,8,30.183424,1.3366346153846154,1.209607541977643,1712868205781,1712868209886,False,./profiling/aes_inputs/run33.json
AS-ee41ba79-2836-492d-b63f-93e21acfd1f8,50,5200,AES3,46800,6086,6086,256,8,36.585472,2.0013589743589746,1.8507315184683368,1712868205778,1712868211864,False,./profiling/aes_inputs/run33.json
AS-ee41ba79-2836-492d-b63f-93e21acfd1f8,50,5200,Stats,5200,30,,128,1,13.53728,0.003507936507936508,0.003507936507936508,1712868211888,1712868211918,False,./profiling/aes_inputs/run33.json
AS-e1136638-9819-4a54-9819-37ccb90498a8,50,11900,wait1,11900,1007,,128,1,10.944512,0.017323076923076924,0.00657673029210019,1712868212423,1712868213430,False,./profiling/aes_inputs/run100.json
AS-e1136638-9819-4a54-9819-37ccb90498a8,50,11900,AES1,11900,4722,14395,256,8,24.133632,0.8947608695652174,0.6235178626737226,1712868213472,1712868218194,False,./profiling/aes_inputs/run100.json
AS-e1136638-9819-4a54-9819-37ccb90498a8,50,11900,AES2,47600,9270,14395,256,8,30.04416,1.7960293333333333,1.2435478097255244,1712868213470,1712868222740,False,./profiling/aes_inputs/run100.json
AS-e1136638-9819-4a54-9819-37ccb90498a8,50,11900,AES3,107100,14395,14395,256,8,36.749312,6.331794520547946,1.8769566518367125,1712868213470,1712868227865,False,./profiling/aes_inputs/run100.json
AS-e1136638-9819-4a54-9819-37ccb90498a8,50,11900,Stats,11900,25,,128,1,13.828096,0.005209677419354838,0.005209677419354838,1712868227900,1712868227925,False,./profiling/aes_inputs/run100.json
AS-c00577ff-4499-4d2e-9269-37158854674f,50,7000,wait1,7000,1006,,128,1,10.952704,0.018968253968253967,0.005882601986563991,1712868228522,1712868229528,False,./profiling/aes_inputs/run51.json
AS-c00577ff-4499-4d2e-9269-37158854674f,50,7000,AES1,7000,2689,8139,256,8,24.252416,0.65225,0.6234095057802087,1712868229559,1712868232248,False,./profiling/aes_inputs/run51.json
AS-c00577ff-4499-4d2e-9269-37158854674f,50,7000,AES2,28000,5306,8139,256,8,29.790208,1.30258125,1.2474088644169834,1712868229563,1712868234869,False,./profiling/aes_inputs/run51.json
AS-c00577ff-4499-4d2e-9269-37158854674f,50,7000,AES3,63000,8139,8139,256,8,36.7616,1.963069182389937,1.8530010438147961,1712868229562,1712868237701,False,./profiling/aes_inputs/run51.json
AS-c00577ff-4499-4d2e-9269-37158854674f,50,7000,Stats,7000,25,,128,1,14.19264,0.005349206349206348,0.005349206349206348,1712868237731,1712868237756,False,./profiling/aes_inputs/run51.json
AS-c380024f-5d35-46c2-a814-90e6fba6d32a,50,4500,wait1,4500,1006,,128,1,10.97728,0.015796875,0.005773166335164363,1712868238294,1712868239300,False,./profiling/aes_inputs/run26.json
AS-c380024f-5d35-46c2-a814-90e6fba6d32a,50,4500,AES1,4500,1779,6176,256,8,24.322048,0.6474782608695652,0.6074694447394727,1712868239337,1712868241116,False,./profiling/aes_inputs/run26.json
AS-c380024f-5d35-46c2-a814-90e6fba6d32a,50,4500,AES2,18000,3500,6176,256,8,30.093312,1.3268216560509556,1.2199235927080294,1712868239337,1712868242837,False,./profiling/aes_inputs/run26.json
AS-c380024f-5d35-46c2-a814-90e6fba6d32a,50,4500,AES3,40500,6176,6176,256,8,36.704256,1.9462578616352202,1.6071229963850244,1712868239336,1712868245512,False,./profiling/aes_inputs/run26.json
AS-c380024f-5d35-46c2-a814-90e6fba6d32a,50,4500,Stats,4500,24,,128,1,14.020608,0.008890625,0.008890625,1712868245537,1712868245561,False,./profiling/aes_inputs/run26.json
AS-28f06188-0b8c-4ec6-b554-c168a2615886,50,7400,wait1,7400,1006,,128,1,10.985472,0.01511290322580645,0.005755948833872222,1712868246074,1712868247080,False,./profiling/aes_inputs/run55.json
AS-28f06188-0b8c-4ec6-b554-c168a2615886,50,7400,AES1,7400,2896,8511,256,8,24.342528,0.6665576923076922,0.6142562095219631,1712868247121,1712868250017,False,./profiling/aes_inputs/run55.json
AS-28f06188-0b8c-4ec6-b554-c168a2615886,50,7400,AES2,29600,5682,8511,256,8,30.199808,1.3179056603773585,1.2349753601247146,1712868247122,1712868252804,False,./profiling/aes_inputs/run55.json
AS-28f06188-0b8c-4ec6-b554-c168a2615886,50,7400,AES3,66600,8511,8511,256,8,36.876288,2.002602564102564,1.8715960104270342,1712868247123,1712868255634,False,./profiling/aes_inputs/run55.json
AS-28f06188-0b8c-4ec6-b554-c168a2615886,50,7400,Stats,7400,27,,128,1,14.258176,0.0054444444444444445,0.0054444444444444445,1712868255662,1712868255689,False,./profiling/aes_inputs/run55.json
AS-bc3d3612-837c-4cad-badc-f5556c3ffe2a,50,3300,wait1,3300,1012,,128,1,10.891264,0.019484848484848483,0.0076662386867048515,1712868256184,1712868257196,False,./profiling/aes_inputs/run14.json
AS-bc3d3612-837c-4cad-badc-f5556c3ffe2a,50,3300,AES1,3300,1428,4117,256,8,24.236032,0.6433589743589743,0.5814236770825826,1712868257252,1712868258680,False,./profiling/aes_inputs/run14.json
AS-bc3d3612-837c-4cad-badc-f5556c3ffe2a,50,3300,AES2,13200,2550,4117,256,8,30.1056,1.3339166666666666,1.2371568468193843,1712868257246,1712868259796,False,./profiling/aes_inputs/run14.json
AS-bc3d3612-837c-4cad-badc-f5556c3ffe2a,50,3300,AES3,29700,4117,4117,256,8,36.642816,1.9688679245283018,1.7439721895641722,1712868257249,1712868261366,False,./profiling/aes_inputs/run14.json
AS-bc3d3612-837c-4cad-badc-f5556c3ffe2a,50,3300,Stats,3300,24,,128,1,14.11072,0.0044687500000000005,0.0044687500000000005,1712868261390,1712868261414,False,./profiling/aes_inputs/run14.json
AS-7f9570d6-6168-4e0d-92ef-03a410c4de9c,50,3800,wait1,3800,1008,,128,1,11.276288,0.014703125000000001,0.006511570488920662,1712868262485,1712868263493,False,./profiling/aes_inputs/run19.json
AS-7f9570d6-6168-4e0d-92ef-03a410c4de9c,50,3800,AES1,3800,1529,4511,256,8,24.436736,0.6488695652173914,0.6034841397155472,1712868263537,1712868265066,False,./profiling/aes_inputs/run19.json
AS-7f9570d6-6168-4e0d-92ef-03a410c4de9c,50,3800,AES2,15200,2999,4511,256,8,30.130176,1.3210822784810128,1.2088464631960603,1712868263532,1712868266531,False,./profiling/aes_inputs/run19.json
AS-7f9570d6-6168-4e0d-92ef-03a410c4de9c,50,3800,AES3,34200,4511,4511,256,8,37.023744,1.9589620253164557,1.8245250154308543,1712868263537,1712868268048,False,./profiling/aes_inputs/run19.json
AS-7f9570d6-6168-4e0d-92ef-03a410c4de9c,50,3800,Stats,3800,24,,128,1,14.348288,0.004698412698412698,0.004698412698412698,1712868268074,1712868268098,False,./profiling/aes_inputs/run19.json
AS-7548e64f-a54e-4723-bb71-2299d5ea0d85,50,4700,wait1,4700,1012,,128,1,10.928128,0.01084126984126984,0.007289257069440018,1712868268664,1712868269676,False,./profiling/aes_inputs/run28.json
AS-7548e64f-a54e-4723-bb71-2299d5ea0d85,50,4700,AES1,4700,1895,6128,256,8,24.33024,0.6490683229813665,0.6092644833685209,1712868269724,1712868271619,False,./profiling/aes_inputs/run28.json
AS-7548e64f-a54e-4723-bb71-2299d5ea0d85,50,4700,AES2,18800,3604,6128,256,8,30.384128,1.3107232704402516,1.238323623960065,1712868269730,1712868273334,False,./profiling/aes_inputs/run28.json
AS-7548e64f-a54e-4723-bb71-2299d5ea0d85,50,4700,AES3,42300,6128,6128,256,8,36.573184,1.968090322580645,1.6946655094887806,1712868269731,1712868275859,False,./profiling/aes_inputs/run28.json
AS-7548e64f-a54e-4723-bb71-2299d5ea0d85,50,4700,Stats,4700,25,,128,1,14.303232,0.005317460317460317,0.005317460317460317,1712868275885,1712868275910,False,./profiling/aes_inputs/run28.json
AS-f96b26fc-43b4-482a-991e-4c128ea7529b,50,5700,wait1,5700,1011,,128,1,10.944512,0.01540625,0.00765113565951224,1712868276522,1712868277533,False,./profiling/aes_inputs/run38.json
AS-f96b26fc-43b4-482a-991e-4c128ea7529b,50,5700,AES1,5700,2241,6638,256,8,24.317952,0.65301875,0.6153672465420068,1712868277580,1712868279821,False,./profiling/aes_inputs/run38.json
AS-f96b26fc-43b4-482a-991e-4c128ea7529b,50,5700,AES2,22800,4364,6638,256,8,30.322688,1.3370833333333334,1.2356601676964376,1712868277574,1712868281938,False,./profiling/aes_inputs/run38.json
AS-f96b26fc-43b4-482a-991e-4c128ea7529b,50,5700,AES3,51300,6638,6638,256,8,36.745216,1.95224375,1.8449017965452772,1712868277574,1712868284212,False,./profiling/aes_inputs/run38.json
AS-f96b26fc-43b4-482a-991e-4c128ea7529b,50,5700,Stats,5700,24,,128,1,14.319616,0.0036461538461538463,0.0036461538461538463,1712868284242,1712868284266,False,./profiling/aes_inputs/run38.json
AS-70d62274-9866-4fce-ba46-71d04cdfada2,50,8800,wait1,8800,1010,,128,1,10.973184,0.019184615384615383,0.007321914922076004,1712868284843,1712868285853,False,./profiling/aes_inputs/run69.json
AS-70d62274-9866-4fce-ba46-71d04cdfada2,50,8800,AES1,8800,3447,10120,256,8,24.326144,0.65355,0.6178900608626509,1712868285895,1712868289342,False,./profiling/aes_inputs/run69.json
AS-70d62274-9866-4fce-ba46-71d04cdfada2,50,8800,AES2,35200,6682,10120,256,8,30.654464,1.3357051282051282,1.2457139798226853,1712868285897,1712868292579,False,./profiling/aes_inputs/run69.json
AS-70d62274-9866-4fce-ba46-71d04cdfada2,50,8800,AES3,79200,10120,10120,256,8,37.060608,1.9649182389937105,1.8644979566325797,1712868285898,1712868296018,False,./profiling/aes_inputs/run69.json
AS-70d62274-9866-4fce-ba46-71d04cdfada2,50,8800,Stats,8800,24,,128,1,14.364672,0.0035692307692307694,0.0035692307692307694,1712868296047,1712868296071,False,./profiling/aes_inputs/run69.json
AS-07a5e322-261f-4154-b75e-ff4134c57e6c,50,10600,wait1,10600,1006,,128,1,11.112448,0.015984375000000002,0.005993902037588262,1712868296645,1712868297651,False,./profiling/aes_inputs/run87.json
AS-07a5e322-261f-4154-b75e-ff4134c57e6c,50,10600,AES1,10600,4163,13230,256,8,24.33024,0.6729681528662421,0.6151478719174901,1712868297701,1712868301864,False,./profiling/aes_inputs/run87.json
AS-07a5e322-261f-4154-b75e-ff4134c57e6c,50,10600,AES2,42400,8637,13230,256,8,30.5152,1.98323138832998,1.2366885826324823,1712868297701,1712868306338,False,./profiling/aes_inputs/run87.json
AS-07a5e322-261f-4154-b75e-ff4134c57e6c,50,10600,AES3,95400,13230,13230,256,8,36.753408,3.20182,1.8736342196561802,1712868297690,1712868310920,False,./profiling/aes_inputs/run87.json
AS-07a5e322-261f-4154-b75e-ff4134c57e6c,50,10600,Stats,10600,26,,128,1,14.368768,0.005015151515151516,0.005015151515151516,1712868310953,1712868310979,False,./profiling/aes_inputs/run87.json
AS-fd8fcd42-8ace-4588-9477-83c590977956,50,11300,wait1,11300,1007,,128,1,11.001856,0.01642857142857143,0.006328387818247516,1712868311543,1712868312550,False,./profiling/aes_inputs/run94.json
AS-fd8fcd42-8ace-4588-9477-83c590977956,50,11300,AES1,11300,4354,13105,256,8,24.43264,1.1354345794392522,0.6346671880066168,1712868312590,1712868316944,False,./profiling/aes_inputs/run94.json
AS-fd8fcd42-8ace-4588-9477-83c590977956,50,11300,AES2,45200,8603,13105,256,8,30.703616,1.8635654205607477,1.2521067876709389,1712868312589,1712868321192,False,./profiling/aes_inputs/run94.json
AS-fd8fcd42-8ace-4588-9477-83c590977956,50,11300,AES3,101700,13105,13105,256,8,36.896768,2.84884,1.872129023877743,1712868312587,1712868325692,False,./profiling/aes_inputs/run94.json
AS-fd8fcd42-8ace-4588-9477-83c590977956,50,11300,Stats,11300,24,,128,1,14.299136,0.00453968253968254,0.00453968253968254,1712868325729,1712868325753,False,./profiling/aes_inputs/run94.json
AS-fea7c4a7-4417-4bd5-9037-3a9d5af03d7c,50,2000,wait1,2000,1007,,128,1,11.149312,0.008578124999999999,0.006082741197041189,1712868326380,1712868327387,False,./profiling/aes_inputs/run1.json
AS-fea7c4a7-4417-4bd5-9037-3a9d5af03d7c,50,2000,AES1,2000,824,2394,256,8,24.39168,0.6493105590062112,0.5999668816882868,1712868327429,1712868328253,False,./profiling/aes_inputs/run1.json
AS-fea7c4a7-4417-4bd5-9037-3a9d5af03d7c,50,2000,AES2,8000,1637,2394,256,8,30.687232,1.3197115384615385,1.1862321144314036,1712868327428,1712868329065,False,./profiling/aes_inputs/run1.json
AS-fea7c4a7-4417-4bd5-9037-3a9d5af03d7c,50,2000,AES3,18000,2394,2394,256,8,36.94592,1.9606918238993711,1.822690216148855,1712868327428,1712868329822,False,./profiling/aes_inputs/run1.json
AS-fea7c4a7-4417-4bd5-9037-3a9d5af03d7c,50,2000,Stats,2000,25,,128,1,14.266368,0.004015625,0.004015625,1712868329853,1712868329878,False,./profiling/aes_inputs/run1.json
AS-440d2820-fd49-4843-b37b-c7b982c83d33,50,3700,wait1,3700,1009,,128,1,11.157504,0.021656250000000002,0.006581297904193311,1712868330494,1712868331503,False,./profiling/aes_inputs/run18.json
AS-440d2820-fd49-4843-b37b-c7b982c83d33,50,3700,AES1,3700,1579,4427,256,8,24.526848,0.6522115384615385,0.5892192923251727,1712868331541,1712868333120,False,./profiling/aes_inputs/run18.json
AS-440d2820-fd49-4843-b37b-c7b982c83d33,50,3700,AES2,14800,3249,4427,256,8,30.367744,1.302975,1.1058920743569651,1712868331538,1712868334787,False,./profiling/aes_inputs/run18.json
AS-440d2820-fd49-4843-b37b-c7b982c83d33,50,3700,AES3,33300,4427,4427,256,8,36.868096,1.9622830188679248,1.8166917326502303,1712868331539,1712868335966,False,./profiling/aes_inputs/run18.json
AS-440d2820-fd49-4843-b37b-c7b982c83d33,50,3700,Stats,3700,24,,128,1,14.393344,0.003323076923076923,0.003323076923076923,1712868335991,1712868336015,False,./profiling/aes_inputs/run18.json
AS-be9a95dd-4bbc-4411-8a14-1c2184ffbc6f,50,8400,wait1,8400,1007,,128,1,11.40736,0.010815384615384616,0.006445055744991967,1712868336553,1712868337560,False,./profiling/aes_inputs/run65.json
AS-be9a95dd-4bbc-4411-8a14-1c2184ffbc6f,50,8400,AES1,8400,3403,9794,256,8,24.580096,0.6477577639751553,0.6059257023767005,1712868337598,1712868341001,False,./profiling/aes_inputs/run65.json
AS-be9a95dd-4bbc-4411-8a14-1c2184ffbc6f,50,8400,AES2,33600,6395,9794,256,8,30.724096,1.30524375,1.238910722071784,1712868337599,1712868343994,False,./profiling/aes_inputs/run65.json
AS-be9a95dd-4bbc-4411-8a14-1c2184ffbc6f,50,8400,AES3,75600,9794,9794,256,8,37.036032,1.9902322580645162,1.8488539377690212,1712868337596,1712868347390,False,./profiling/aes_inputs/run65.json
AS-be9a95dd-4bbc-4411-8a14-1c2184ffbc6f,50,8400,Stats,8400,24,,128,1,14.344192,0.005893939393939394,0.005893939393939394,1712868347417,1712868347441,False,./profiling/aes_inputs/run65.json
AS-c3de0742-f817-4cdf-9ed6-726bb2960fd0,50,5800,wait1,5800,1006,,128,1,11.190272,0.016515151515151514,0.005623237146603669,1712868347978,1712868348984,False,./profiling/aes_inputs/run39.json
AS-c3de0742-f817-4cdf-9ed6-726bb2960fd0,50,5800,AES1,5800,2237,6848,256,8,24.436736,0.6513562500000001,0.6222828974327397,1712868349024,1712868351261,False,./profiling/aes_inputs/run39.json
AS-c3de0742-f817-4cdf-9ed6-726bb2960fd0,50,5800,AES2,23200,4423,6848,256,8,30.642176,1.3387179487179488,1.2408477439292376,1712868349025,1712868353448,False,./profiling/aes_inputs/run39.json
AS-c3de0742-f817-4cdf-9ed6-726bb2960fd0,50,5800,AES3,52200,6848,6848,256,8,37.040128,2.0115031847133755,1.8298486266719802,1712868349022,1712868355870,False,./profiling/aes_inputs/run39.json
AS-c3de0742-f817-4cdf-9ed6-726bb2960fd0,50,5800,Stats,5800,24,,128,1,14.454784,0.004507692307692308,0.004507692307692308,1712868355897,1712868355921,False,./profiling/aes_inputs/run39.json
AS-bf76672b-830f-4e32-a35a-8cc34f9a59af,50,11500,wait1,11500,1011,,128,1,11.075584,0.01353125,0.0070824945409057455,1712868356496,1712868357507,False,./profiling/aes_inputs/run96.json
AS-bf76672b-830f-4e32-a35a-8cc34f9a59af,50,11500,AES1,11500,4412,13360,256,8,24.502272,0.6549444444444443,0.6220336305537867,1712868357551,1712868361963,False,./profiling/aes_inputs/run96.json
AS-bf76672b-830f-4e32-a35a-8cc34f9a59af,50,11500,AES2,46000,8656,13360,256,8,30.756864,1.3123396226415094,1.252050035623107,1712868357551,1712868366207,False,./profiling/aes_inputs/run96.json
AS-bf76672b-830f-4e32-a35a-8cc34f9a59af,50,11500,AES3,103500,13360,13360,256,8,36.9664,2.0023461538461538,1.8509336947508015,1712868357548,1712868370908,False,./profiling/aes_inputs/run96.json
AS-bf76672b-830f-4e32-a35a-8cc34f9a59af,50,11500,Stats,11500,24,,128,1,14.036992,0.0054218750000000005,0.0054218750000000005,1712868370941,1712868370965,False,./profiling/aes_inputs/run96.json
AS-45ab9273-917c-4555-ad83-6c83bfaae573,50,3200,wait1,3200,1009,,128,1,11.218944,0.018666666666666665,0.006952936799686305,1712868371515,1712868372524,False,./profiling/aes_inputs/run13.json
AS-45ab9273-917c-4555-ad83-6c83bfaae573,50,3200,AES1,3200,1277,3853,256,8,24.449024,0.6696730769230769,0.6112603815191563,1712868372571,1712868373848,False,./profiling/aes_inputs/run13.json
AS-45ab9273-917c-4555-ad83-6c83bfaae573,50,3200,AES2,12800,2489,3853,256,8,30.900224,1.30296875,1.2243688561109265,1712868372564,1712868375053,False,./profiling/aes_inputs/run13.json
AS-45ab9273-917c-4555-ad83-6c83bfaae573,50,3200,AES3,28800,3853,3853,256,8,36.818944,1.9518499999999999,1.805341512140741,1712868372578,1712868376431,False,./profiling/aes_inputs/run13.json
AS-45ab9273-917c-4555-ad83-6c83bfaae573,50,3200,Stats,3200,23,,128,1,14.045184,0.0037230769230769227,0.0037230769230769227,1712868376455,1712868376478,False,./profiling/aes_inputs/run13.json
AS-c221a65a-8be3-49f3-a680-94c5213b2b81,50,7100,wait1,7100,1011,,128,1,11.112448,0.020890625000000003,0.0073263862554678915,1712868377037,1712868378048,False,./profiling/aes_inputs/run52.json
AS-c221a65a-8be3-49f3-a680-94c5213b2b81,50,7100,AES1,7100,2741,8315,256,8,24.53504,0.6527901234567901,0.6231526379161703,1712868378090,1712868380831,False,./profiling/aes_inputs/run52.json
AS-c221a65a-8be3-49f3-a680-94c5213b2b81,50,7100,AES2,28400,5370,8315,256,8,30.887936,1.3456258064516131,1.2541340352299206,1712868378090,1712868383460,False,./profiling/aes_inputs/run52.json
AS-c221a65a-8be3-49f3-a680-94c5213b2b81,50,7100,AES3,63900,8315,8315,256,8,36.84352,1.9646477987421385,1.8468783753638673,1712868378086,1712868386401,False,./profiling/aes_inputs/run52.json
AS-c221a65a-8be3-49f3-a680-94c5213b2b81,50,7100,Stats,7100,26,,128,1,13.938688,0.005645161290322581,0.005645161290322581,1712868386426,1712868386452,False,./profiling/aes_inputs/run52.json
AS-506dbcb5-7b5e-4a36-bdf5-01f905645cc9,50,9500,wait1,9500,1006,,128,1,11.137024,0.009328125,0.005621638257124544,1712868387032,1712868388038,False,./profiling/aes_inputs/run76.json
AS-506dbcb5-7b5e-4a36-bdf5-01f905645cc9,50,9500,AES1,9500,3647,11484,256,8,24.395776,0.6653312101910829,0.623560970069607,1712868388075,1712868391722,False,./profiling/aes_inputs/run76.json
AS-506dbcb5-7b5e-4a36-bdf5-01f905645cc9,50,9500,AES2,38000,7290,11484,256,8,30.748672,1.3336666666666666,1.2360653659522198,1712868388074,1712868395364,False,./profiling/aes_inputs/run76.json
AS-506dbcb5-7b5e-4a36-bdf5-01f905645cc9,50,9500,AES3,85500,11484,11484,256,8,36.78208,2.002602564102564,1.7938545947921283,1712868388076,1712868399560,False,./profiling/aes_inputs/run76.json
AS-506dbcb5-7b5e-4a36-bdf5-01f905645cc9,50,9500,Stats,9500,24,,128,1,13.94688,0.004,0.004,1712868399592,1712868399616,False,./profiling/aes_inputs/run76.json
AS-ac3d54b3-ace9-4760-bb83-c0fe422d1040,50,11600,wait1,11600,1009,,128,1,11.411456,0.022734374999999998,0.006649235109536279,1712868400170,1712868401179,False,./profiling/aes_inputs/run97.json
AS-ac3d54b3-ace9-4760-bb83-c0fe422d1040,50,11600,AES1,11600,5153,16257,256,8,24.477696,1.2212558139534884,0.631576515461036,1712868401217,1712868406370,False,./profiling/aes_inputs/run97.json
AS-ac3d54b3-ace9-4760-bb83-c0fe422d1040,50,11600,AES2,46400,10987,16257,256,8,30.55616,10.005537275064267,1.29866970295889,1712868401212,1712868412199,False,./profiling/aes_inputs/run97.json
AS-ac3d54b3-ace9-4760-bb83-c0fe422d1040,50,11600,AES3,104400,16257,16257,256,8,36.958208,4.922399014778326,1.8726901481903588,1712868401218,1712868417475,False,./profiling/aes_inputs/run97.json
AS-ac3d54b3-ace9-4760-bb83-c0fe422d1040,50,11600,Stats,11600,27,,128,1,13.848576,0.006698412698412699,0.006698412698412699,1712868417519,1712868417546,False,./profiling/aes_inputs/run97.json
AS-164f1d05-d818-4835-90cc-0e6c639148c7,50,4300,wait1,4300,1006,,128,1,11.173888,0.021265625,0.005986366277533823,1712868418049,1712868419055,False,./profiling/aes_inputs/run24.json
AS-164f1d05-d818-4835-90cc-0e6c639148c7,50,4300,AES1,4300,1681,5080,256,8,24.63744,0.6544753086419753,0.6180199912312704,1712868419099,1712868420780,False,./profiling/aes_inputs/run24.json
AS-164f1d05-d818-4835-90cc-0e6c639148c7,50,4300,AES2,17200,3461,5080,256,8,30.502912,1.3207721518987343,1.1995081891262305,1712868419100,1712868422561,False,./profiling/aes_inputs/run24.json
AS-164f1d05-d818-4835-90cc-0e6c639148c7,50,4300,AES3,38700,5080,5080,256,8,36.462592,2.002121794871795,1.828068054975873,1712868419096,1712868424176,False,./profiling/aes_inputs/run24.json
AS-164f1d05-d818-4835-90cc-0e6c639148c7,50,4300,Stats,4300,24,,128,1,13.938688,0.005,0.005,1712868424200,1712868424224,False,./profiling/aes_inputs/run24.json
AS-e68730ba-2851-4431-9299-1178bf4b1c3a,50,6200,wait1,6200,1006,,128,1,11.317248,0.01707936507936508,0.00608265070941284,1712868424800,1712868425806,False,./profiling/aes_inputs/run43.json
AS-e68730ba-2851-4431-9299-1178bf4b1c3a,50,6200,AES1,6200,2445,7191,256,8,24.576,0.6519125000000001,0.6146634970494259,1712868425850,1712868428295,False,./profiling/aes_inputs/run43.json
AS-e68730ba-2851-4431-9299-1178bf4b1c3a,50,6200,AES2,24800,4814,7191,256,8,30.49472,1.315496855345912,1.2282914289991091,1712868425856,1712868430670,False,./profiling/aes_inputs/run43.json
AS-e68730ba-2851-4431-9299-1178bf4b1c3a,50,6200,AES3,55800,7191,7191,256,8,36.777984,2.002019230769231,1.8559965677242445,1712868425855,1712868433046,False,./profiling/aes_inputs/run43.json
AS-e68730ba-2851-4431-9299-1178bf4b1c3a,50,6200,Stats,6200,25,,128,1,13.836288,0.005999999999999999,0.005999999999999999,1712868433072,1712868433097,False,./profiling/aes_inputs/run43.json
AS-c306b18f-1218-4dc0-a4cc-da94ed61d8c7,50,5400,wait1,5400,1006,,128,1,11.563008,0.00792063492063492,0.0057825916425020855,1712868433617,1712868434623,False,./profiling/aes_inputs/run35.json
AS-c306b18f-1218-4dc0-a4cc-da94ed61d8c7,50,5400,AES1,5400,2186,6558,256,8,24.485888,0.6528812500000001,0.6060735463110817,1712868434658,1712868436844,False,./profiling/aes_inputs/run35.json
AS-c306b18f-1218-4dc0-a4cc-da94ed61d8c7,50,5400,AES2,21600,4686,6558,256,8,30.445568,1.702680894308943,1.1785632321115787,1712868434659,1712868439345,False,./profiling/aes_inputs/run35.json
AS-c306b18f-1218-4dc0-a4cc-da94ed61d8c7,50,5400,AES3,48600,6558,6558,256,8,36.630528,2.5535406504065037,1.846895802681738,1712868434657,1712868441215,False,./profiling/aes_inputs/run35.json
AS-c306b18f-1218-4dc0-a4cc-da94ed61d8c7,50,5400,Stats,5400,25,,128,1,14.061568,0.007031249999999999,0.007031249999999999,1712868441254,1712868441279,False,./profiling/aes_inputs/run35.json
AS-960576c3-ca44-4aec-8edc-9ecd349c519f,50,3100,wait1,3100,1008,,128,1,11.476992,0.027365079365079363,0.006348538441525193,1712868441855,1712868442863,False,./profiling/aes_inputs/run12.json
AS-960576c3-ca44-4aec-8edc-9ecd349c519f,50,3100,AES1,3100,1228,4528,256,8,24.358912,0.6617911392405064,0.6170479059556253,1712868442903,1712868444131,False,./profiling/aes_inputs/run12.json
AS-960576c3-ca44-4aec-8edc-9ecd349c519f,50,3100,AES2,12400,3117,4528,256,8,30.543872,3.6800953307392996,1.283783150091286,1712868442901,1712868446018,False,./profiling/aes_inputs/run12.json
AS-960576c3-ca44-4aec-8edc-9ecd349c519f,50,3100,AES3,27900,4528,4528,256,8,36.683776,3.8498690835850957,1.8459537614574857,1712868442903,1712868447431,False,./profiling/aes_inputs/run12.json
AS-960576c3-ca44-4aec-8edc-9ecd349c519f,50,3100,Stats,3100,24,,128,1,13.819904,0.004184615384615385,0.004184615384615385,1712868447459,1712868447483,False,./profiling/aes_inputs/run12.json
AS-c553a011-b466-4f4b-9118-c3085f4e11f3,50,9700,wait1,9700,1008,,128,1,11.264,0.011575757575757576,0.006282247761701761,1712868447981,1712868448989,False,./profiling/aes_inputs/run78.json
AS-c553a011-b466-4f4b-9118-c3085f4e11f3,50,9700,AES1,9700,3705,11362,256,8,24.264704,0.6570880503144654,0.6214770573854332,1712868449056,1712868452761,False,./profiling/aes_inputs/run78.json
AS-c553a011-b466-4f4b-9118-c3085f4e11f3,50,9700,AES2,38800,7654,11362,256,8,30.232576,1.3374038461538462,1.218879827682541,1712868449055,1712868456709,False,./profiling/aes_inputs/run78.json
AS-c553a011-b466-4f4b-9118-c3085f4e11f3,50,9700,AES3,87300,11362,11362,256,8,36.49536,1.9869166666666667,1.8430790236207426,1712868449056,1712868460418,False,./profiling/aes_inputs/run78.json
AS-c553a011-b466-4f4b-9118-c3085f4e11f3,50,9700,Stats,9700,24,,128,1,13.959168,0.0044375000000000005,0.0044375000000000005,1712868460448,1712868460472,False,./profiling/aes_inputs/run78.json
AS-fca9558c-ceb1-4f0f-9879-1f8e9b5d2b57,50,8200,wait1,8200,1005,,128,1,11.65312,0.013676470588235293,0.006052127907534062,1712868461079,1712868462084,False,./profiling/aes_inputs/run63.json
AS-fca9558c-ceb1-4f0f-9879-1f8e9b5d2b57,50,8200,AES1,8200,3141,9490,256,8,24.403968,0.6739935483870968,0.6256583713025585,1712868462140,1712868465281,False,./profiling/aes_inputs/run63.json
AS-fca9558c-ceb1-4f0f-9879-1f8e9b5d2b57,50,8200,AES2,32800,6232,9490,256,8,30.568448,1.3035125,1.2478475364488766,1712868462141,1712868468373,False,./profiling/aes_inputs/run63.json
AS-fca9558c-ceb1-4f0f-9879-1f8e9b5d2b57,50,8200,AES3,73800,9490,9490,256,8,36.241408,2.011341935483871,1.8570380231315118,1712868462127,1712868471617,False,./profiling/aes_inputs/run63.json
AS-fca9558c-ceb1-4f0f-9879-1f8e9b5d2b57,50,8200,Stats,8200,24,,128,1,13.963264,0.0037301587301587303,0.0037301587301587303,1712868471650,1712868471674,False,./profiling/aes_inputs/run63.json
AS-5ce7e2f7-c03d-459f-85a4-869531094819,50,3000,wait1,3000,1008,,128,1,11.452416,0.011272727272727271,0.006795282212118946,1712868472159,1712868473167,False,./profiling/aes_inputs/run11.json
AS-5ce7e2f7-c03d-459f-85a4-869531094819,50,3000,AES1,3000,1274,3445,256,8,24.236032,0.6488260869565217,0.5912545901535974,1712868473203,1712868474477,False,./profiling/aes_inputs/run11.json
AS-5ce7e2f7-c03d-459f-85a4-869531094819,50,3000,AES2,12000,2439,3445,256,8,30.580736,1.284024844720497,1.187859585684323,1712868473202,1712868475641,False,./profiling/aes_inputs/run11.json
AS-5ce7e2f7-c03d-459f-85a4-869531094819,50,3000,AES3,27000,3445,3445,256,8,36.859904,1.9507875,1.8775230593518033,1712868473207,1712868476652,False,./profiling/aes_inputs/run11.json
AS-5ce7e2f7-c03d-459f-85a4-869531094819,50,3000,Stats,3000,24,,128,1,13.934592,0.0035156249999999997,0.0035156249999999997,1712868476675,1712868476699,False,./profiling/aes_inputs/run11.json
AS-30de3244-186f-4486-84bf-336eecb7327b,50,2600,wait1,2600,1004,,128,1,11.337728,0.009738461538461538,0.005639141725621318,1712868477221,1712868478225,False,./profiling/aes_inputs/run7.json
AS-30de3244-186f-4486-84bf-336eecb7327b,50,2600,AES1,2600,1070,3040,256,8,24.502272,0.648447204968944,0.5964282668439113,1712868478257,1712868479327,False,./profiling/aes_inputs/run7.json
AS-30de3244-186f-4486-84bf-336eecb7327b,50,2600,AES2,10400,2082,3040,256,8,30.621696,1.327031847133758,1.1958335760446765,1712868478256,1712868480338,False,./profiling/aes_inputs/run7.json
AS-30de3244-186f-4486-84bf-336eecb7327b,50,2600,AES3,23400,3040,3040,256,8,36.708352,1.959867924528302,1.8481478934872724,1712868478257,1712868481297,False,./profiling/aes_inputs/run7.json
AS-30de3244-186f-4486-84bf-336eecb7327b,50,2600,Stats,2600,23,,128,1,14.061568,0.003671875,0.003671875,1712868481314,1712868481337,False,./profiling/aes_inputs/run7.json
