Unique DAG ID,DAG Input,Function Name,Input Feature,Duration,Parallel Duration,Memory_Allocated,CPU_Allocated,Max Memory Usage,Max CPU Usage,Start Time,End Time,Timeout Status
AS-bd2696cc-efec-44e2-a193-f68951a08ce8,0.0057288220551378445,wait1,,1194,,128,1,9.66656,0.019181818181818182,1711079280147,1711079281341,False
AS-bd2696cc-efec-44e2-a193-f68951a08ce8,0.0057288220551378445,AES1,0.0024706766917293233,20059,21045,256,8,21.757952,1.3754868421052633,1711079284137,1711079304196,False
AS-bd2696cc-efec-44e2-a193-f68951a08ce8,0.0057288220551378445,AES2,0.006380451127819549,20820,21045,256,8,27.783168,2.745065789473684,1711079284586,1711079305406,False
AS-bd2696cc-efec-44e2-a193-f68951a08ce8,0.0057288220551378445,AES3,0.008335338345864661,21045,21045,256,8,29.540352,3.471626666666667,1711079284564,1711079305609,False
AS-bd2696cc-efec-44e2-a193-f68951a08ce8,0.0057288220551378445,Stats,,189,,128,1,9.99424,0.006387096774193549,1711079307578,1711079307767,False
AS-55ab551f-f1fd-43f5-80eb-d094b3fdb157,0.007652130325814538,wait1,,1013,,128,1,9.383936,0.02634375,1711079308284,1711079309297,False
AS-55ab551f-f1fd-43f5-80eb-d094b3fdb157,0.007652130325814538,AES1,0.0024390977443609022,8972,9420,256,8,22.515712,1.3853896103896104,1711079309400,1711079318372,False
AS-55ab551f-f1fd-43f5-80eb-d094b3fdb157,0.007652130325814538,AES2,0.006348872180451128,9270,9420,256,8,27.598848,2.56024,1711079309400,1711079318670,False
AS-55ab551f-f1fd-43f5-80eb-d094b3fdb157,0.007652130325814538,AES3,0.01416842105263158,9420,9420,256,8,38.342656,5.120578947368422,1711079309400,1711079318820,False
AS-55ab551f-f1fd-43f5-80eb-d094b3fdb157,0.007652130325814538,Stats,,23,,128,1,10.305536,0.0051,1711079320655,1711079320678,False
AS-4040ce66-16f2-4841-8fed-b734fb1d4e19,0.005707769423558898,wait1,,1010,,128,1,9.764864,0.02406060606060606,1711079321204,1711079322214,False
AS-4040ce66-16f2-4841-8fed-b734fb1d4e19,0.005707769423558898,AES1,0.002449624060150376,11644,12445,256,8,22.4256,1.3237974683544305,1711079322655,1711079334299,False
AS-4040ce66-16f2-4841-8fed-b734fb1d4e19,0.005707769423558898,AES2,0.002449624060150376,12245,12445,256,8,22.409216,1.3582207792207792,1711079322654,1711079334899,False
AS-4040ce66-16f2-4841-8fed-b734fb1d4e19,0.005707769423558898,AES3,0.012224060150375941,12445,12445,256,8,35.51232,4.797684210526316,1711079322654,1711079335099,False
AS-4040ce66-16f2-4841-8fed-b734fb1d4e19,0.005707769423558898,Stats,,23,,128,1,10.698752,0.006354838709677419,1711079336369,1711079336392,False
AS-f3dc3565-74ea-4f14-9255-716a2aa10d2d,0.005686716791979951,wait1,,1006,,128,1,9.515008,0.017483870967741937,1711079336917,1711079337923,False
AS-f3dc3565-74ea-4f14-9255-716a2aa10d2d,0.005686716791979951,AES1,0.004383458646616541,3869,3869,256,8,25.255936,1.956675,1711079338018,1711079341887,False
AS-f3dc3565-74ea-4f14-9255-716a2aa10d2d,0.005686716791979951,AES2,0.0024285714285714284,3766,3869,256,8,22.654976,1.3228354430379747,1711079338020,1711079341786,False
AS-f3dc3565-74ea-4f14-9255-716a2aa10d2d,0.005686716791979951,AES3,0.010248120300751881,3758,3869,256,8,33.837056,4.047272727272727,1711079338018,1711079341776,False
AS-f3dc3565-74ea-4f14-9255-716a2aa10d2d,0.005686716791979951,Stats,,22,,128,1,11.03872,0.005617647058823529,1711079341931,1711079341953,False
AS-ed6a384b-4c8d-4b31-86d0-e98d997dfb74,0.008314285714285715,wait1,,1007,,128,1,9.580544,0.01971875,1711079342412,1711079343419,False
AS-ed6a384b-4c8d-4b31-86d0-e98d997dfb74,0.008314285714285715,AES1,0.004404511278195489,13791,14058,256,8,25.096192,1.9763846153846154,1711079343451,1711079357242,False
AS-ed6a384b-4c8d-4b31-86d0-e98d997dfb74,0.008314285714285715,AES2,0.008314285714285715,14058,14058,256,8,31.461376,3.2566883116883116,1711079343450,1711079357508,False
AS-ed6a384b-4c8d-4b31-86d0-e98d997dfb74,0.008314285714285715,AES3,0.012224060150375941,14051,14058,256,8,36.450304,4.637415584415584,1711079343450,1711079357501,False
AS-ed6a384b-4c8d-4b31-86d0-e98d997dfb74,0.008314285714285715,Stats,,22,,128,1,11.20256,0.005242424242424243,1711079357618,1711079357640,False
AS-8af24edd-7020-4412-851e-71e92f9771df,0.005734085213032582,wait1,,1006,,128,1,9.854976,0.021838709677419355,1711079358150,1711079359156,False
AS-8af24edd-7020-4412-851e-71e92f9771df,0.005734085213032582,AES1,0.0024759398496240603,18865,22453,256,8,22.765568,1.3753947368421051,1711079359214,1711079378079,False
AS-8af24edd-7020-4412-851e-71e92f9771df,0.005734085213032582,AES2,0.006385714285714286,22453,22453,256,8,28.59008,2.7782666666666667,1711079359216,1711079381669,False
AS-8af24edd-7020-4412-851e-71e92f9771df,0.005734085213032582,AES3,0.008340601503759398,20282,22453,256,8,30.9248,3.474026666666667,1711079359214,1711079379496,False
AS-8af24edd-7020-4412-851e-71e92f9771df,0.005734085213032582,Stats,,26,,128,1,11.923456,0.0056363636363636355,1711079382023,1711079382049,False
AS-1763a3c6-f0b0-456f-af91-8755793eb522,0.007032080200501253,wait1,,1005,,128,1,9.846784,0.019727272727272725,1711079382590,1711079383595,False
AS-1763a3c6-f0b0-456f-af91-8755793eb522,0.007032080200501253,AES1,0.006380451127819549,21332,21969,256,8,28.475392,2.7085657894736843,1711079383743,1711079405075,False
AS-1763a3c6-f0b0-456f-af91-8755793eb522,0.007032080200501253,AES2,0.004425563909774436,21969,21969,256,8,25.86624,2.0856710526315787,1711079383745,1711079405714,False
AS-1763a3c6-f0b0-456f-af91-8755793eb522,0.007032080200501253,AES3,0.010290225563909775,21920,21969,256,8,33.783808,3.9311756756756755,1711079383743,1711079405663,False
AS-1763a3c6-f0b0-456f-af91-8755793eb522,0.007032080200501253,Stats,,24,,128,1,13.869056,0.004757575757575757,1711079406247,1711079406271,False
AS-7f09cf38-f006-4622-8722-b268f7d5c987,0.006375187969924812,wait1,,1005,,128,1,9.613312,0.02240625,1711079406799,1711079407804,False
AS-7f09cf38-f006-4622-8722-b268f7d5c987,0.006375187969924812,AES1,0.0024654135338345864,18150,18150,256,8,23.404544,1.3952,1711079407836,1711079425986,False
AS-7f09cf38-f006-4622-8722-b268f7d5c987,0.006375187969924812,AES2,0.004420300751879699,17231,18150,256,8,26.005504,2.0885866666666666,1711079407836,1711079425067,False
AS-7f09cf38-f006-4622-8722-b268f7d5c987,0.006375187969924812,AES3,0.012239849624060151,17800,18150,256,8,36.442112,4.730233766233766,1711079407836,1711079425636,False
AS-7f09cf38-f006-4622-8722-b268f7d5c987,0.006375187969924812,Stats,,23,,128,1,13.672448,0.005193548387096774,1711079426580,1711079426603,False
AS-ac904b0e-85a4-4706-8fdf-0c0d26be2f51,0.00766265664160401,wait1,,1007,,128,1,9.89184,0.01859375,1711079427084,1711079428091,False
AS-ac904b0e-85a4-4706-8fdf-0c0d26be2f51,0.00766265664160401,AES1,0.004404511278195489,13105,13360,256,8,25.82528,2.059986842105263,1711079428345,1711079441450,False
AS-ac904b0e-85a4-4706-8fdf-0c0d26be2f51,0.00766265664160401,AES2,0.008314285714285715,13309,13360,256,8,31.817728,3.330116883116883,1711079428345,1711079441654,False
AS-ac904b0e-85a4-4706-8fdf-0c0d26be2f51,0.00766265664160401,AES3,0.010269172932330827,13360,13360,256,8,34.746368,3.997723684210526,1711079428345,1711079441705,False
AS-ac904b0e-85a4-4706-8fdf-0c0d26be2f51,0.00766265664160401,Stats,,23,,128,1,13.6192,0.005633333333333333,1711079441896,1711079441919,False
AS-75f2720b-d0bd-405b-8e8b-6c16608d11a5,0.006369924812030075,wait1,,1006,,128,1,9.637888,0.0193030303030303,1711079442411,1711079443417,False
AS-75f2720b-d0bd-405b-8e8b-6c16608d11a5,0.006369924812030075,AES1,0.0005052631578947368,13000,16391,256,8,20.512768,0.692,1711079443616,1711079456616,False
AS-75f2720b-d0bd-405b-8e8b-6c16608d11a5,0.006369924812030075,AES2,0.004415037593984962,16143,16391,256,8,26.677248,2.0056666666666665,1711079443613,1711079459756,False
AS-75f2720b-d0bd-405b-8e8b-6c16608d11a5,0.006369924812030075,AES3,0.014189473684210526,16391,16391,256,8,40.648704,5.395415584415585,1711079443616,1711079460007,False
AS-75f2720b-d0bd-405b-8e8b-6c16608d11a5,0.006369924812030075,Stats,,23,,128,1,13.725696,0.005193548387096774,1711079460092,1711079460115,False
AS-37a2ff9c-18ba-4f82-b44c-fe0a47b7d07d,0.008330075187969925,wait1,,1006,,128,1,9.924608,0.017093749999999998,1711079460628,1711079461634,False
AS-37a2ff9c-18ba-4f82-b44c-fe0a47b7d07d,0.008330075187969925,AES1,0.004420300751879699,20391,20965,256,8,26.062848,2.006805194805195,1711079461666,1711079482057,False
AS-37a2ff9c-18ba-4f82-b44c-fe0a47b7d07d,0.008330075187969925,AES2,0.008330075187969925,20965,20965,256,8,31.698944,3.364779220779221,1711079461666,1711079482631,False
AS-37a2ff9c-18ba-4f82-b44c-fe0a47b7d07d,0.008330075187969925,AES3,0.012239849624060151,20920,20965,256,8,37.613568,4.735155844155844,1711079461666,1711079482586,False
AS-37a2ff9c-18ba-4f82-b44c-fe0a47b7d07d,0.008330075187969925,Stats,,26,,128,1,14.04928,0.00496875,1711079482749,1711079482775,False
AS-4b444408-2576-41c7-bb3e-629b970fe3df,0.008324812030075188,wait1,,1005,,128,1,9.936896,0.020451612903225808,1711079483299,1711079484304,False
AS-4b444408-2576-41c7-bb3e-629b970fe3df,0.008324812030075188,AES1,0.00246015037593985,17684,18622,256,8,23.506944,1.3427922077922076,1711079484337,1711079502021,False
AS-4b444408-2576-41c7-bb3e-629b970fe3df,0.008324812030075188,AES2,0.010279699248120302,18571,18622,256,8,34.865152,3.998233766233766,1711079484338,1711079502909,False
AS-4b444408-2576-41c7-bb3e-629b970fe3df,0.008324812030075188,AES3,0.012234586466165414,18622,18622,256,8,37.376,4.583727272727272,1711079484335,1711079502957,False
AS-4b444408-2576-41c7-bb3e-629b970fe3df,0.008324812030075188,Stats,,25,,128,1,13.856768,0.0054482758620689655,1711079503038,1711079503063,False
AS-794770b7-8959-47fc-9f12-4df7feedb55d,0.008340601503759398,wait1,,1007,,128,1,9.68704,0.021032258064516127,1711079503587,1711079504594,False
AS-794770b7-8959-47fc-9f12-4df7feedb55d,0.008340601503759398,AES1,0.004430827067669173,25740,26573,256,8,26.86976,2.032026315789474,1711079504632,1711079530372,False
AS-794770b7-8959-47fc-9f12-4df7feedb55d,0.008340601503759398,AES2,0.010295488721804512,26573,26573,256,8,34.983936,4.065223684210526,1711079504634,1711079531207,False
AS-794770b7-8959-47fc-9f12-4df7feedb55d,0.008340601503759398,AES3,0.010295488721804512,26367,26573,256,8,34.541568,3.925297619047619,1711079504634,1711079531001,False
AS-794770b7-8959-47fc-9f12-4df7feedb55d,0.008340601503759398,Stats,,24,,128,1,14.573568,0.00535483870967742,1711079531341,1711079531365,False
AS-4fed98e6-3bb2-4590-a491-d539aeca68a3,0.0076468671679198,wait1,,1007,,128,1,9.95328,0.02071875,1711079531864,1711079532871,False
AS-4fed98e6-3bb2-4590-a491-d539aeca68a3,0.0076468671679198,AES1,0.0024338345864661657,6300,6372,256,8,23.67488,1.3557922077922078,1711079532898,1711079539198,False
AS-4fed98e6-3bb2-4590-a491-d539aeca68a3,0.0076468671679198,AES2,0.006343609022556391,6331,6372,256,8,29.810688,2.6945,1711079532898,1711079539229,False
AS-4fed98e6-3bb2-4590-a491-d539aeca68a3,0.0076468671679198,AES3,0.014163157894736843,6372,6372,256,8,40.103936,5.294181818181817,1711079532901,1711079539273,False
AS-4fed98e6-3bb2-4590-a491-d539aeca68a3,0.0076468671679198,Stats,,22,,128,1,14.139392,0.0052,1711079539322,1711079539344,False
AS-1c514f57-c958-41ba-8726-73d84d32564b,0.00766265664160401,wait1,,1006,,128,1,9.699328,0.02361290322580645,1711079539813,1711079540819,False
AS-1c514f57-c958-41ba-8726-73d84d32564b,0.00766265664160401,AES1,0.006359398496240601,13030,13255,256,8,29.294592,2.8183466666666668,1711079540896,1711079553926,False
AS-1c514f57-c958-41ba-8726-73d84d32564b,0.00766265664160401,AES2,0.006359398496240601,13204,13255,256,8,29.696,2.6010526315789475,1711079540897,1711079554101,False
AS-1c514f57-c958-41ba-8726-73d84d32564b,0.00766265664160401,AES3,0.010269172932330827,13255,13255,256,8,34.73408,4.078394736842105,1711079540896,1711079554151,False
AS-1c514f57-c958-41ba-8726-73d84d32564b,0.00766265664160401,Stats,,22,,128,1,14.209024,0.004696969696969697,1711079554228,1711079554250,False
AS-87c65f28-c79f-439c-99da-d31332bd0bd3,0.005066666666666666,wait1,,1006,,128,1,9.965568,0.023,1711079554779,1711079555785,False
AS-87c65f28-c79f-439c-99da-d31332bd0bd3,0.005066666666666666,AES1,0.0005052631578947368,14174,14527,256,8,21.254144,0.70116,1711079555815,1711079569989,False
AS-87c65f28-c79f-439c-99da-d31332bd0bd3,0.005066666666666666,AES2,0.008324812030075188,14527,14527,256,8,32.989184,3.474946666666667,1711079555815,1711079570342,False
AS-87c65f28-c79f-439c-99da-d31332bd0bd3,0.005066666666666666,AES3,0.006369924812030076,14527,14527,256,8,29.589504,2.781013333333333,1711079555815,1711079570342,False
AS-87c65f28-c79f-439c-99da-d31332bd0bd3,0.005066666666666666,Stats,,23,,128,1,14.45888,0.004875,1711079570422,1711079570445,False
AS-8d9127ca-0912-42c7-9f84-c3a474ef3086,0.006338345864661654,wait1,,1006,,128,1,9.723904,0.018032258064516127,1711079570956,1711079571962,False
AS-8d9127ca-0912-42c7-9f84-c3a474ef3086,0.006338345864661654,AES1,0.0024285714285714284,3965,3965,256,8,24.113152,1.339551282051282,1711079571991,1711079575956,False
AS-8d9127ca-0912-42c7-9f84-c3a474ef3086,0.006338345864661654,AES2,0.004383458646616541,3917,3965,256,8,26.943488,1.9494133333333332,1711079571989,1711079575906,False
AS-8d9127ca-0912-42c7-9f84-c3a474ef3086,0.006338345864661654,AES3,0.012203007518796993,3964,3965,256,8,37.84704,4.6795584415584415,1711079571992,1711079575956,False
AS-8d9127ca-0912-42c7-9f84-c3a474ef3086,0.006338345864661654,Stats,,24,,128,1,14.237696,0.005,1711079576011,1711079576035,False
AS-d0314394-557e-4bef-a2de-0fb4023aba9c,0.008976441102756893,wait1,,1008,,128,1,9.736192,0.022771428571428574,1711079576542,1711079577550,False
AS-d0314394-557e-4bef-a2de-0fb4023aba9c,0.008976441102756893,AES1,0.006369924812030076,18563,20009,256,8,30.359552,2.646828947368421,1711079577595,1711079596158,False
AS-d0314394-557e-4bef-a2de-0fb4023aba9c,0.008976441102756893,AES2,0.008324812030075188,19680,20009,256,8,32.530432,3.2809473684210526,1711079577595,1711079597275,False
AS-d0314394-557e-4bef-a2de-0fb4023aba9c,0.008976441102756893,AES3,0.012234586466165414,20009,20009,256,8,37.818368,4.603618421052632,1711079577595,1711079597604,False
AS-d0314394-557e-4bef-a2de-0fb4023aba9c,0.008976441102756893,Stats,,25,,128,1,14.319616,0.005787878787878788,1711079597793,1711079597818,False
AS-a340e51c-c640-4a9e-8b91-28553ca59fa5,0.003779197994987469,wait1,,1006,,128,1,9.740288,0.018966666666666666,1711079598332,1711079599338,False
AS-a340e51c-c640-4a9e-8b91-28553ca59fa5,0.003779197994987469,AES1,0.0024759398496240603,15031,16545,256,8,24.854528,1.3576883116883118,1711079599430,1711079614461,False
AS-a340e51c-c640-4a9e-8b91-28553ca59fa5,0.003779197994987469,AES2,0.0024759398496240603,15887,16545,256,8,24.629248,1.377894736842105,1711079599430,1711079615317,False
AS-a340e51c-c640-4a9e-8b91-28553ca59fa5,0.003779197994987469,AES3,0.006385714285714286,16545,16545,256,8,29.581312,2.7086493506493508,1711079599430,1711079615975,False
AS-a340e51c-c640-4a9e-8b91-28553ca59fa5,0.003779197994987469,Stats,,23,,128,1,15.081472,0.006303030303030303,1711079616074,1711079616097,False
AS-f3cf84af-9834-4708-aca1-0900f8ec5553,0.004415037593984963,wait1,,1006,,128,1,9.977856,0.02167741935483871,1711079616599,1711079617605,False
AS-f3cf84af-9834-4708-aca1-0900f8ec5553,0.004415037593984963,AES1,0.00246015037593985,14168,14168,256,8,24.723456,1.3565584415584417,1711079617640,1711079631808,False
AS-f3cf84af-9834-4708-aca1-0900f8ec5553,0.004415037593984963,AES2,0.00246015037593985,11440,14168,256,8,25.116672,1.3757894736842105,1711079617640,1711079629080,False
AS-f3cf84af-9834-4708-aca1-0900f8ec5553,0.004415037593984963,AES3,0.008324812030075188,14117,14168,256,8,32.845824,3.341,1711079617640,1711079631757,False
AS-f3cf84af-9834-4708-aca1-0900f8ec5553,0.004415037593984963,Stats,,22,,128,1,14.573568,0.00535483870967742,1711079631892,1711079631914,False
AS-3b36f5e2-38e7-4a25-84f9-565216513002,0.005723558897243107,wait1,,1009,,128,1,10.018816,0.0235625,1711079632392,1711079633401,False
AS-3b36f5e2-38e7-4a25-84f9-565216513002,0.005723558897243107,AES1,0.0005105263157894736,14993,17252,256,8,22.011904,0.7005733333333333,1711079633436,1711079648429,False
AS-3b36f5e2-38e7-4a25-84f9-565216513002,0.005723558897243107,AES2,0.0024654135338345864,17252,17252,256,8,25.321472,1.413972972972973,1711079633436,1711079650688,False
AS-3b36f5e2-38e7-4a25-84f9-565216513002,0.005723558897243107,AES3,0.014194736842105263,17202,17252,256,8,41.746432,5.45878947368421,1711079633436,1711079650638,False
AS-3b36f5e2-38e7-4a25-84f9-565216513002,0.005723558897243107,Stats,,23,,128,1,14.606336,0.004875,1711079650788,1711079650811,False
AS-d302e850-952f-40c9-9172-b29c7a14c2bb,0.00898170426065163,wait1,,1006,,128,1,9.773056,0.01767741935483871,1711079651332,1711079652338,False
AS-d302e850-952f-40c9-9172-b29c7a14c2bb,0.00898170426065163,AES1,0.004420300751879699,20609,22757,256,8,28.106752,2.004103896103896,1711079652367,1711079672976,False
AS-d302e850-952f-40c9-9172-b29c7a14c2bb,0.00898170426065163,AES2,0.01028496240601504,22370,22757,256,8,36.839424,3.847342105263158,1711079652367,1711079674737,False
AS-d302e850-952f-40c9-9172-b29c7a14c2bb,0.00898170426065163,AES3,0.012239849624060151,22757,22757,256,8,38.756352,4.614215189873418,1711079652367,1711079675124,False
AS-d302e850-952f-40c9-9172-b29c7a14c2bb,0.00898170426065163,Stats,,23,,128,1,14.610432,0.005411764705882352,1711079675211,1711079675234,False
AS-46b64052-8bf7-46af-a611-46216e0db1ab,0.0037581453634085212,wait1,,1005,,128,1,10.059776,0.021515151515151515,1711079675786,1711079676791,False
AS-46b64052-8bf7-46af-a611-46216e0db1ab,0.0037581453634085212,AES1,0.0024548872180451126,9263,10273,256,8,25.726976,1.3584805194805194,1711079676842,1711079686105,False
AS-46b64052-8bf7-46af-a611-46216e0db1ab,0.0037581453634085212,AES2,0.0024548872180451126,10273,10273,256,8,25.772032,1.3587402597402598,1711079676842,1711079687115,False
AS-46b64052-8bf7-46af-a611-46216e0db1ab,0.0037581453634085212,AES3,0.0063646616541353385,9465,10273,256,8,31.45728,2.8175675675675675,1711079676842,1711079686307,False
AS-46b64052-8bf7-46af-a611-46216e0db1ab,0.0037581453634085212,Stats,,25,,128,1,15.130624,0.0047272727272727275,1711079687203,1711079687228,False
AS-b93b2175-4166-43c0-af27-3d6a9a9313ce,0.006375187969924812,wait1,,1005,,128,1,9.826304,0.020999999999999998,1711079687735,1711079688740,False
AS-b93b2175-4166-43c0-af27-3d6a9a9313ce,0.006375187969924812,AES1,0.004420300751879699,18210,18304,256,8,28.32384,2.0880799999999997,1711079688765,1711079706975,False
AS-b93b2175-4166-43c0-af27-3d6a9a9313ce,0.006375187969924812,AES2,0.004420300751879699,18304,18304,256,8,28.540928,2.0335454545454548,1711079688765,1711079707069,False
AS-b93b2175-4166-43c0-af27-3d6a9a9313ce,0.006375187969924812,AES3,0.01028496240601504,18198,18304,256,8,37.187584,4.107118421052632,1711079688765,1711079706963,False
AS-b93b2175-4166-43c0-af27-3d6a9a9313ce,0.006375187969924812,Stats,,23,,128,1,14.6432,0.005242424242424243,1711079707160,1711079707183,False
AS-7b54a4a3-fca1-41f5-910a-d41be00a4d59,0.006338345864661654,wait1,,1006,,128,1,10.09664,0.0204375,1711079707714,1711079708720,False
AS-7b54a4a3-fca1-41f5-910a-d41be00a4d59,0.006338345864661654,AES1,0.004383458646616541,3768,3921,256,8,28.65152,1.9475945945945947,1711079708748,1711079712516,False
AS-7b54a4a3-fca1-41f5-910a-d41be00a4d59,0.006338345864661654,AES2,0.006338345864661654,3921,3921,256,8,31.55968,2.7237763157894737,1711079708748,1711079712669,False
AS-7b54a4a3-fca1-41f5-910a-d41be00a4d59,0.006338345864661654,AES3,0.008293233082706767,3867,3921,256,8,33.927168,3.30161038961039,1711079708748,1711079712615,False
AS-7b54a4a3-fca1-41f5-910a-d41be00a4d59,0.006338345864661654,Stats,,22,,128,1,14.651392,0.00515625,1711079712703,1711079712725,False
AS-64957e26-b1ee-448f-b09d-fdee3db61dfd,0.007667919799498747,wait1,,1006,,128,1,10.108928,0.03228125,1711079713205,1711079714211,False
AS-64957e26-b1ee-448f-b09d-fdee3db61dfd,0.007667919799498747,AES1,0.0063646616541353385,15294,15647,256,8,31.186944,2.7013157894736843,1711079714244,1711079729538,False
AS-64957e26-b1ee-448f-b09d-fdee3db61dfd,0.007667919799498747,AES2,0.0024548872180451126,15421,15647,256,8,25.88672,1.3756710526315792,1711079714245,1711079729666,False
AS-64957e26-b1ee-448f-b09d-fdee3db61dfd,0.007667919799498747,AES3,0.014184210526315789,15647,15647,256,8,42.635264,5.295842105263158,1711079714244,1711079729891,False
AS-64957e26-b1ee-448f-b09d-fdee3db61dfd,0.007667919799498747,Stats,,25,,128,1,14.757888,0.0045588235294117645,1711079729979,1711079730004,False
AS-934a422b-2c11-4b88-97d7-04f7077de48b,0.006995238095238096,wait1,,1007,,128,1,10.11712,0.023093749999999996,1711079730528,1711079731535,False
AS-934a422b-2c11-4b88-97d7-04f7077de48b,0.006995238095238096,AES1,0.0004789473684210526,5784,6171,256,8,22.933504,0.6733076923076924,1711079731568,1711079737352,False
AS-934a422b-2c11-4b88-97d7-04f7077de48b,0.006995238095238096,AES2,0.006343609022556391,6171,6171,256,8,31.592448,2.671307692307692,1711079731568,1711079737739,False
AS-934a422b-2c11-4b88-97d7-04f7077de48b,0.006995238095238096,AES3,0.014163157894736843,6137,6171,256,8,41.713664,5.191539473684211,1711079731568,1711079737705,False
AS-934a422b-2c11-4b88-97d7-04f7077de48b,0.006995238095238096,Stats,,23,,128,1,14.938112,0.00578125,1711079737780,1711079737803,False
AS-f948fbc4-2b15-4015-8cb9-540f8426c884,0.008955388471177946,wait1,,1005,,128,1,9.87136,0.01829032258064516,1711079738317,1711079739322,False
AS-f948fbc4-2b15-4015-8cb9-540f8426c884,0.008955388471177946,AES1,0.0024390977443609022,8785,9708,256,8,25.509888,1.347263157894737,1711079739351,1711079748136,False
AS-f948fbc4-2b15-4015-8cb9-540f8426c884,0.008955388471177946,AES2,0.010258646616541354,9708,9708,256,8,37.376,3.904592105263158,1711079739351,1711079749059,False
AS-f948fbc4-2b15-4015-8cb9-540f8426c884,0.008955388471177946,AES3,0.01416842105263158,9637,9708,256,8,42.471424,5.313210526315789,1711079739354,1711079748991,False
AS-f948fbc4-2b15-4015-8cb9-540f8426c884,0.008955388471177946,Stats,,23,,128,1,14.688256,0.004937500000000001,1711079749128,1711079749151,False
AS-84601232-d2bb-463e-a39d-93efd1db581c,0.004393984962406015,wait1,,1006,,128,1,10.11712,0.022333333333333334,1711079749664,1711079750670,False
AS-84601232-d2bb-463e-a39d-93efd1db581c,0.004393984962406015,AES1,0.00048421052631578945,5775,6988,256,8,23.322624,0.6721153846153847,1711079750699,1711079756474,False
AS-84601232-d2bb-463e-a39d-93efd1db581c,0.004393984962406015,AES2,0.006348872180451128,6935,6988,256,8,31.88736,2.7430131578947368,1711079750701,1711079757636,False
AS-84601232-d2bb-463e-a39d-93efd1db581c,0.004393984962406015,AES3,0.006348872180451128,6988,6988,256,8,31.58016,2.672833333333333,1711079750699,1711079757687,False
AS-84601232-d2bb-463e-a39d-93efd1db581c,0.004393984962406015,Stats,,22,,128,1,14.946304,0.005032258064516129,1711079757731,1711079757753,False
AS-272a6b6b-e442-4364-a66b-95048a415542,0.005035087719298246,wait1,,1005,,128,1,10.153984,0.0205,1711079758243,1711079759248,False
AS-272a6b6b-e442-4364-a66b-95048a415542,0.005035087719298246,AES1,0.0024285714285714284,3045,3651,256,8,25.997312,1.3231898734177217,1711079759276,1711079762321,False
AS-272a6b6b-e442-4364-a66b-95048a415542,0.005035087719298246,AES2,0.006338345864661654,3650,3651,256,8,30.769152,2.6395189873417726,1711079759276,1711079762926,False
AS-272a6b6b-e442-4364-a66b-95048a415542,0.005035087719298246,AES3,0.006338345864661654,3651,3651,256,8,31.576064,2.710116883116883,1711079759276,1711079762927,False
AS-272a6b6b-e442-4364-a66b-95048a415542,0.005035087719298246,Stats,,22,,128,1,14.688256,0.0061875,1711079762964,1711079762986,False
AS-3274a54c-ea0a-4a23-b85e-d2ac638fe737,0.007678446115288221,wait1,,1005,,128,1,10.17856,0.018838709677419355,1711079763478,1711079764483,False
AS-3274a54c-ea0a-4a23-b85e-d2ac638fe737,0.007678446115288221,AES1,0.0024654135338345864,19633,20009,256,8,25.878528,1.4166133333333333,1711079764523,1711079784156,False
AS-3274a54c-ea0a-4a23-b85e-d2ac638fe737,0.007678446115288221,AES2,0.008330075187969925,20009,20009,256,8,33.316864,3.43936,1711079764523,1711079784532,False
AS-3274a54c-ea0a-4a23-b85e-d2ac638fe737,0.007678446115288221,AES3,0.012239849624060151,19778,20009,256,8,39.944192,4.6536447368421054,1711079764524,1711079784302,False
AS-3274a54c-ea0a-4a23-b85e-d2ac638fe737,0.007678446115288221,Stats,,23,,128,1,14.688256,0.005233333333333333,1711079784641,1711079784664,False
AS-ed11ec07-e1f9-408d-aabd-aba6b633f979,0.007005764411027568,wait1,,1006,,128,1,10.186752,0.027133333333333332,1711079785162,1711079786168,False
AS-ed11ec07-e1f9-408d-aabd-aba6b633f979,0.007005764411027568,AES1,0.004399248120300752,10024,10493,256,8,27.639808,2.033657894736842,1711079786199,1711079796223,False
AS-ed11ec07-e1f9-408d-aabd-aba6b633f979,0.007005764411027568,AES2,0.008309022556390978,10393,10493,256,8,33.370112,3.351433734939759,1711079786198,1711079796591,False
AS-ed11ec07-e1f9-408d-aabd-aba6b633f979,0.007005764411027568,AES3,0.008309022556390978,10493,10493,256,8,33.685504,3.2658243243243246,1711079786198,1711079796691,False
AS-ed11ec07-e1f9-408d-aabd-aba6b633f979,0.007005764411027568,Stats,,23,,128,1,14.942208,0.004818181818181819,1711079796758,1711079796781,False
AS-be8efea5-4f94-46bb-9ae7-f32172b459da,0.005713032581453635,wait1,,1004,,128,1,10.194944,0.019366666666666667,1711079797287,1711079798291,False
AS-be8efea5-4f94-46bb-9ae7-f32172b459da,0.005713032581453635,AES1,0.0044097744360902255,12975,13684,256,8,27.500544,1.9813291139240508,1711079798322,1711079811297,False
AS-be8efea5-4f94-46bb-9ae7-f32172b459da,0.005713032581453635,AES2,0.0063646616541353385,13580,13684,256,8,30.552064,2.7078701298701295,1711079798322,1711079811902,False
AS-be8efea5-4f94-46bb-9ae7-f32172b459da,0.005713032581453635,AES3,0.0063646616541353385,13684,13684,256,8,30.859264,2.639139240506329,1711079798320,1711079812004,False
AS-be8efea5-4f94-46bb-9ae7-f32172b459da,0.005713032581453635,Stats,,23,,128,1,15.163392,0.004937500000000001,1711079812068,1711079812091,False
AS-3eeb02bc-f421-4954-b7b3-a876c271fa33,0.005040350877192983,wait1,,1005,,128,1,10.211328,0.018823529411764708,1711079812580,1711079813585,False
AS-3eeb02bc-f421-4954-b7b3-a876c271fa33,0.005040350877192983,AES1,0.0004789473684210526,4865,5471,256,8,22.77376,0.6820129870129871,1711079813613,1711079818478,False
AS-3eeb02bc-f421-4954-b7b3-a876c271fa33,0.005040350877192983,AES2,0.0024338345864661657,4359,5471,256,8,25.403392,1.3198607594936709,1711079813613,1711079817972,False
AS-3eeb02bc-f421-4954-b7b3-a876c271fa33,0.005040350877192983,AES3,0.01220827067669173,5471,5471,256,8,39.71072,4.5567875,1711079813613,1711079819084,False
AS-3eeb02bc-f421-4954-b7b3-a876c271fa33,0.005040350877192983,Stats,,22,,128,1,14.70464,0.004625000000000001,1711079819174,1711079819196,False
AS-486760a8-b1d2-4694-b299-bd5f9839b37b,0.005035087719298246,wait1,,1007,,128,1,10.215424,0.02203125,1711079819686,1711079820693,False
AS-486760a8-b1d2-4694-b299-bd5f9839b37b,0.005035087719298246,AES1,0.00047368421052631577,3245,3603,256,8,22.130688,0.6589875000000001,1711079820725,1711079823970,False
AS-486760a8-b1d2-4694-b299-bd5f9839b37b,0.005035087719298246,AES2,0.0024285714285714284,3603,3603,256,8,25.030656,1.307125,1711079820725,1711079824328,False
AS-486760a8-b1d2-4694-b299-bd5f9839b37b,0.005035087719298246,AES3,0.012203007518796993,3548,3603,256,8,39.899136,4.5578,1711079820725,1711079824273,False
AS-486760a8-b1d2-4694-b299-bd5f9839b37b,0.005035087719298246,Stats,,22,,128,1,14.68416,0.005878787878787878,1711079824600,1711079824622,False
AS-8ca38203-c9ff-42a8-b919-56c27eacf428,0.008303759398496242,wait1,,1006,,128,1,9.969664,0.019516129032258064,1711079825111,1711079826117,False
AS-8ca38203-c9ff-42a8-b919-56c27eacf428,0.008303759398496242,AES1,0.006348872180451128,8932,9056,256,8,30.63808,2.6287012987012988,1711079826147,1711079835079,False
AS-8ca38203-c9ff-42a8-b919-56c27eacf428,0.008303759398496242,AES2,0.006348872180451128,8765,9056,256,8,30.748672,2.69887012987013,1711079826147,1711079834912,False
AS-8ca38203-c9ff-42a8-b919-56c27eacf428,0.008303759398496242,AES3,0.012213533834586468,9056,9056,256,8,38.629376,4.756987012987013,1711079826147,1711079835203,False
AS-8ca38203-c9ff-42a8-b919-56c27eacf428,0.008303759398496242,Stats,,24,,128,1,14.712832,0.006379310344827587,1711079835249,1711079835273,False
AS-d590e06c-9bfc-4fbb-8f24-d4dc92a4b298,0.004425563909774436,wait1,,1006,,128,1,9.981952,0.0209375,1711079835805,1711079836811,False
AS-d590e06c-9bfc-4fbb-8f24-d4dc92a4b298,0.004425563909774436,AES1,0.0024706766917293233,14231,18628,256,8,25.329664,1.3748157894736843,1711079836839,1711079851070,False
AS-d590e06c-9bfc-4fbb-8f24-d4dc92a4b298,0.004425563909774436,AES2,0.004425563909774436,18628,18628,256,8,28.217344,2.059434210526316,1711079836839,1711079855467,False
AS-d590e06c-9bfc-4fbb-8f24-d4dc92a4b298,0.004425563909774436,AES3,0.006380451127819549,16960,18628,256,8,30.932992,2.7433552631578944,1711079836839,1711079853799,False
AS-d590e06c-9bfc-4fbb-8f24-d4dc92a4b298,0.004425563909774436,Stats,,25,,128,1,14.712832,0.00515625,1711079855623,1711079855648,False
AS-1009988f-4118-4fac-970a-b016340ef9b6,0.008330075187969925,wait1,,1006,,128,1,10.276864,0.017468749999999998,1711079856165,1711079857171,False
AS-1009988f-4118-4fac-970a-b016340ef9b6,0.008330075187969925,AES1,0.0024654135338345864,19926,20956,256,8,25.481216,1.3094512195121952,1711079857197,1711079877123,False
AS-1009988f-4118-4fac-970a-b016340ef9b6,0.008330075187969925,AES2,0.01028496240601504,20808,20956,256,8,36.245504,4.033753246753246,1711079857197,1711079878005,False
AS-1009988f-4118-4fac-970a-b016340ef9b6,0.008330075187969925,AES3,0.012239849624060151,20956,20956,256,8,38.83008,4.670342105263158,1711079857197,1711079878153,False
AS-1009988f-4118-4fac-970a-b016340ef9b6,0.008330075187969925,Stats,,23,,128,1,15.036416,0.005757575757575757,1711079878236,1711079878259,False
AS-368fe441-746b-4f7a-ab67-bc957c348ec3,0.004404511278195488,wait1,,1006,,128,1,10.309632,0.02375,1711079878780,1711079879786,False
AS-368fe441-746b-4f7a-ab67-bc957c348ec3,0.004404511278195488,AES1,0.004404511278195489,9735,10377,256,8,27.901952,1.9818227848101266,1711079879814,1711079889549,False
AS-368fe441-746b-4f7a-ab67-bc957c348ec3,0.004404511278195488,AES2,0.002449624060150376,10377,10377,256,8,24.621056,1.3568961038961038,1711079879813,1711079890190,False
AS-368fe441-746b-4f7a-ab67-bc957c348ec3,0.004404511278195488,AES3,0.006359398496240601,10375,10377,256,8,31.25248,2.744105263157895,1711079879814,1711079890189,False
AS-368fe441-746b-4f7a-ab67-bc957c348ec3,0.004404511278195488,Stats,,23,,128,1,15.03232,0.004485714285714286,1711079890260,1711079890283,False
AS-ec55dec2-1a0a-4930-8553-ae86d074846b,0.007688972431077694,wait1,,1006,,128,1,10.059776,0.019161290322580644,1711079891277,1711079892283,False
AS-ec55dec2-1a0a-4930-8553-ae86d074846b,0.007688972431077694,AES1,0.0024759398496240603,24932,25201,256,8,25.27232,1.3602077922077922,1711079892307,1711079917239,False
AS-ec55dec2-1a0a-4930-8553-ae86d074846b,0.007688972431077694,AES2,0.010295488721804512,25201,25201,256,8,36.245504,4.020894736842106,1711079892307,1711079917508,False
AS-ec55dec2-1a0a-4930-8553-ae86d074846b,0.007688972431077694,AES3,0.010295488721804512,24993,25201,256,8,37.289984,4.08572,1711079892307,1711079917300,False
AS-ec55dec2-1a0a-4930-8553-ae86d074846b,0.007688972431077694,Stats,,23,,128,1,14.78656,0.004875,1711079917607,1711079917630,False
AS-4faff160-2b72-4901-abe8-fa28a5f0aaa1,0.00898170426065163,wait1,,1007,,128,1,10.07616,0.02535483870967742,1711079918143,1711079919150,False
AS-4faff160-2b72-4901-abe8-fa28a5f0aaa1,0.00898170426065163,AES1,0.006375187969924812,21063,22731,256,8,30.437376,2.6781428571428574,1711079919183,1711079940246,False
AS-4faff160-2b72-4901-abe8-fa28a5f0aaa1,0.00898170426065163,AES2,0.01028496240601504,22731,22731,256,8,35.98336,3.8571851851851853,1711079919183,1711079941914,False
AS-4faff160-2b72-4901-abe8-fa28a5f0aaa1,0.00898170426065163,AES3,0.01028496240601504,22348,22731,256,8,36.33152,3.94087012987013,1711079919183,1711079941531,False
AS-4faff160-2b72-4901-abe8-fa28a5f0aaa1,0.00898170426065163,Stats,,23,,128,1,15.024128,0.005903225806451613,1711079941986,1711079942009,False
AS-b0d3aa42-2428-41e4-b431-519d0eedcd18,0.008324812030075188,wait1,,1005,,128,1,10.09664,0.018516129032258064,1711079942520,1711079943525,False
AS-b0d3aa42-2428-41e4-b431-519d0eedcd18,0.008324812030075188,AES1,0.006369924812030076,18570,18721,256,8,30.339072,2.6506842105263155,1711079943551,1711079962121,False
AS-b0d3aa42-2428-41e4-b431-519d0eedcd18,0.008324812030075188,AES2,0.010279699248120302,18721,18721,256,8,36.544512,3.9099220779220776,1711079943550,1711079962271,False
AS-b0d3aa42-2428-41e4-b431-519d0eedcd18,0.008324812030075188,AES3,0.008324812030075188,18516,18721,256,8,33.52576,3.3652236842105268,1711079943551,1711079962067,False
AS-b0d3aa42-2428-41e4-b431-519d0eedcd18,0.008324812030075188,Stats,,23,,128,1,15.306752,0.00503125,1711079962334,1711079962357,False
AS-d1f7f94c-ad02-440d-9e39-d18c44255de5,0.00702155388471178,wait1,,1006,,128,1,10.113024,0.03141935483870968,1711079962872,1711079963878,False
AS-d1f7f94c-ad02-440d-9e39-d18c44255de5,0.00702155388471178,AES1,0.004415037593984962,16531,16935,256,8,27.615232,2.0509473684210526,1711079963911,1711079980442,False
AS-d1f7f94c-ad02-440d-9e39-d18c44255de5,0.00702155388471178,AES2,0.010279699248120302,16935,16935,256,8,36.163584,3.9697560975609756,1711079963911,1711079980846,False
AS-d1f7f94c-ad02-440d-9e39-d18c44255de5,0.00702155388471178,AES3,0.006369924812030076,16735,16935,256,8,30.908416,2.7461973684210528,1711079963909,1711079980644,False
AS-d1f7f94c-ad02-440d-9e39-d18c44255de5,0.00702155388471178,Stats,,26,,128,1,15.335424,0.005366666666666666,1711079980902,1711079980928,False
AS-e32d9a4b-e41a-4c85-baa3-6a3b09278e2e,0.006385714285714286,wait1,,1005,,128,1,10.40384,0.018470588235294117,1711079981418,1711079982423,False
AS-e32d9a4b-e41a-4c85-baa3-6a3b09278e2e,0.006385714285714286,AES1,0.0005210526315789474,21021,22995,256,8,22.249472,0.6919473684210526,1711079982451,1711080003472,False
AS-e32d9a4b-e41a-4c85-baa3-6a3b09278e2e,0.006385714285714286,AES2,0.008340601503759398,22995,22995,256,8,33.4848,3.429263157894737,1711079982452,1711080005447,False
AS-e32d9a4b-e41a-4c85-baa3-6a3b09278e2e,0.006385714285714286,AES3,0.010295488721804512,22379,22995,256,8,36.995072,4.110328947368421,1711079982454,1711080004833,False
AS-e32d9a4b-e41a-4c85-baa3-6a3b09278e2e,0.006385714285714286,Stats,,25,,128,1,14.860288,0.0060999999999999995,1711080005597,1711080005622,False
AS-4c901807-182a-44f8-b60e-a07d9ae1cad8,0.006343609022556391,wait1,,1004,,128,1,10.149888,0.019757575757575755,1711080006111,1711080007115,False
AS-4c901807-182a-44f8-b60e-a07d9ae1cad8,0.006343609022556391,AES1,0.0004789473684210526,5731,5984,256,8,22.269952,0.6624567901234568,1711080007149,1711080012880,False
AS-4c901807-182a-44f8-b60e-a07d9ae1cad8,0.006343609022556391,AES2,0.008298496240601503,5888,5984,256,8,34.07872,3.256675,1711080007149,1711080013037,False
AS-4c901807-182a-44f8-b60e-a07d9ae1cad8,0.006343609022556391,AES3,0.010253383458646617,5984,5984,256,8,36.151296,3.970453333333333,1711080007149,1711080013133,False
AS-4c901807-182a-44f8-b60e-a07d9ae1cad8,0.006343609022556391,Stats,,22,,128,1,14.872576,0.004852941176470588,1711080013214,1711080013236,False
AS-d5961ea6-893b-4de8-a4af-1c97baa4129c,0.005707769423558898,wait1,,1006,,128,1,10.432512,0.021187499999999998,1711080013744,1711080014750,False
AS-d5961ea6-893b-4de8-a4af-1c97baa4129c,0.005707769423558898,AES1,0.0004947368421052631,11549,11549,256,8,22.286336,0.675,1711080014792,1711080026341,False
AS-d5961ea6-893b-4de8-a4af-1c97baa4129c,0.005707769423558898,AES2,0.006359398496240601,11348,11549,256,8,31.154176,2.7436973684210524,1711080014792,1711080026140,False
AS-d5961ea6-893b-4de8-a4af-1c97baa4129c,0.005707769423558898,AES3,0.010269172932330827,11162,11549,256,8,36.990976,4.052857142857143,1711080014792,1711080025954,False
AS-d5961ea6-893b-4de8-a4af-1c97baa4129c,0.005707769423558898,Stats,,22,,128,1,14.917632,0.004906249999999999,1711080026392,1711080026414,False
AS-a2cc093d-327b-4a9c-85c6-cfd6f11fe08c,0.005050877192982456,wait1,,1009,,128,1,10.186752,0.022387096774193548,1711080026902,1711080027911,False
AS-a2cc093d-327b-4a9c-85c6-cfd6f11fe08c,0.005050877192982456,AES1,0.004399248120300752,8875,9121,256,8,27.46368,2.0326623376623374,1711080027940,1711080036815,False
AS-a2cc093d-327b-4a9c-85c6-cfd6f11fe08c,0.005050877192982456,AES2,0.004399248120300752,9121,9121,256,8,27.918336,1.982367088607595,1711080027939,1711080037060,False
AS-a2cc093d-327b-4a9c-85c6-cfd6f11fe08c,0.005050877192982456,AES3,0.006354135338345865,8968,9121,256,8,30.55616,2.6396962025316455,1711080027940,1711080036908,False
AS-a2cc093d-327b-4a9c-85c6-cfd6f11fe08c,0.005050877192982456,Stats,,24,,128,1,14.876672,0.005225806451612903,1711080037097,1711080037121,False
AS-3efa2baa-50ba-4901-9257-6ced061d7ebf,0.006343609022556392,wait1,,1005,,128,1,10.203136,0.019566666666666663,1711080037620,1711080038625,False
AS-3efa2baa-50ba-4901-9257-6ced061d7ebf,0.006343609022556392,AES1,0.0024338345864661657,5690,5903,256,8,25.268224,1.3736447368421054,1711080038651,1711080044341,False
AS-3efa2baa-50ba-4901-9257-6ced061d7ebf,0.006343609022556392,AES2,0.0024338345864661657,5791,5903,256,8,25.612288,1.3403076923076922,1711080038651,1711080044442,False
AS-3efa2baa-50ba-4901-9257-6ced061d7ebf,0.006343609022556392,AES3,0.014163157894736843,5903,5903,256,8,42.237952,5.369493506493507,1711080038651,1711080044554,False
AS-3efa2baa-50ba-4901-9257-6ced061d7ebf,0.006343609022556392,Stats,,22,,128,1,15.122432,0.005233333333333333,1711080044701,1711080044723,False
AS-bed32de0-7235-4fda-85fd-bbe1c8ecac5f,0.006348872180451128,wait1,,1006,,128,1,10.473472,0.021258064516129035,1711080045241,1711080046247,False
AS-bed32de0-7235-4fda-85fd-bbe1c8ecac5f,0.006348872180451128,AES1,0.004393984962406015,7825,7825,256,8,28.004352,2.005717948717949,1711080046277,1711080054102,False
AS-bed32de0-7235-4fda-85fd-bbe1c8ecac5f,0.006348872180451128,AES2,0.004393984962406015,7360,7825,256,8,27.951104,2.08312,1711080046277,1711080053637,False
AS-bed32de0-7235-4fda-85fd-bbe1c8ecac5f,0.006348872180451128,AES3,0.010258646616541354,7765,7825,256,8,36.78208,3.905925,1711080046277,1711080054042,False
AS-bed32de0-7235-4fda-85fd-bbe1c8ecac5f,0.006348872180451128,Stats,,22,,128,1,15.11424,0.005333333333333334,1711080054144,1711080054166,False
AS-ceed6a75-d4f7-41e2-8de0-ac00983cea33,0.0070110275689223055,wait1,,1006,,128,1,10.498048,0.01928125,1711080054668,1711080055674,False
AS-ceed6a75-d4f7-41e2-8de0-ac00983cea33,0.0070110275689223055,AES1,0.006359398496240601,12572,12658,256,8,31.080448,2.7056533333333332,1711080055708,1711080068280,False
AS-ceed6a75-d4f7-41e2-8de0-ac00983cea33,0.0070110275689223055,AES2,0.002449624060150376,12166,12658,256,8,25.575424,1.3581298701298703,1711080055709,1711080067875,False
AS-ceed6a75-d4f7-41e2-8de0-ac00983cea33,0.0070110275689223055,AES3,0.012224060150375941,12658,12658,256,8,39.780352,4.76253947368421,1711080055708,1711080068366,False
AS-ceed6a75-d4f7-41e2-8de0-ac00983cea33,0.0070110275689223055,Stats,,22,,128,1,14.880768,0.005903225806451613,1711080068422,1711080068444,False
AS-9757ffbe-2185-4496-97cf-7ef6b9d9ac85,0.005050877192982456,wait1,,1005,,128,1,10.26048,0.0205,1711080068953,1711080069958,False
AS-9757ffbe-2185-4496-97cf-7ef6b9d9ac85,0.005050877192982456,AES1,0.002444360902255639,9264,9266,256,8,25.399296,1.3406923076923078,1711080069990,1711080079254,False
AS-9757ffbe-2185-4496-97cf-7ef6b9d9ac85,0.005050877192982456,AES2,0.004399248120300752,9012,9266,256,8,27.947008,2.0335584415584416,1711080069989,1711080079001,False
AS-9757ffbe-2185-4496-97cf-7ef6b9d9ac85,0.005050877192982456,AES3,0.008309022556390978,9266,9266,256,8,34.574336,3.4281184210526314,1711080069987,1711080079253,False
AS-9757ffbe-2185-4496-97cf-7ef6b9d9ac85,0.005050877192982456,Stats,,22,,128,1,14.88896,0.004352941176470588,1711080079300,1711080079322,False
AS-0dcbe3c9-e891-4748-8306-5b1552f15cfa,0.007016290726817043,wait1,,1007,,128,1,10.551296,0.019096774193548386,1711080079853,1711080080860,False
AS-0dcbe3c9-e891-4748-8306-5b1552f15cfa,0.007016290726817043,AES1,0.0024548872180451126,14039,14748,256,8,25.542656,1.3295066666666666,1711080080890,1711080094929,False
AS-0dcbe3c9-e891-4748-8306-5b1552f15cfa,0.007016290726817043,AES2,0.0063646616541353385,14748,14748,256,8,31.182848,2.6150135135135133,1711080080890,1711080095638,False
AS-0dcbe3c9-e891-4748-8306-5b1552f15cfa,0.007016290726817043,AES3,0.012229323308270677,14698,14748,256,8,40.267776,4.743184210526316,1711080080889,1711080095587,False
AS-0dcbe3c9-e891-4748-8306-5b1552f15cfa,0.007016290726817043,Stats,,23,,128,1,14.893056,0.005218749999999999,1711080095687,1711080095710,False
AS-94e066c7-7021-4e51-965b-81f140633150,0.008965914786967418,wait1,,1006,,128,1,10.297344,0.021548387096774195,1711080096229,1711080097235,False
AS-94e066c7-7021-4e51-965b-81f140633150,0.008965914786967418,AES1,0.004404511278195489,13865,15122,256,8,28.086272,2.027975903614458,1711080097271,1711080111136,False
AS-94e066c7-7021-4e51-965b-81f140633150,0.008965914786967418,AES2,0.008314285714285715,14710,15122,256,8,33.787904,3.2983636363636366,1711080097271,1711080111981,False
AS-94e066c7-7021-4e51-965b-81f140633150,0.008965914786967418,AES3,0.014178947368421053,15122,15122,256,8,42.35264,5.156786666666666,1711080097271,1711080112393,False
AS-94e066c7-7021-4e51-965b-81f140633150,0.008965914786967418,Stats,,23,,128,1,14.630912,0.005966666666666667,1711080112461,1711080112484,False
AS-c731b446-874b-4175-934c-623773761a29,0.005697243107769424,wait1,,1006,,128,1,10.317824,0.01959375,1711080112973,1711080113979,False
AS-c731b446-874b-4175-934c-623773761a29,0.005697243107769424,AES1,0.004393984962406015,7555,7757,256,8,28.557312,2.006333333333333,1711080114021,1711080121576,False
AS-c731b446-874b-4175-934c-623773761a29,0.005697243107769424,AES2,0.006348872180451128,7555,7757,256,8,31.092736,2.7075584415584415,1711080114022,1711080121577,False
AS-c731b446-874b-4175-934c-623773761a29,0.005697243107769424,AES3,0.006348872180451128,7757,7757,256,8,31.29344,2.77992,1711080114022,1711080121779,False
AS-c731b446-874b-4175-934c-623773761a29,0.005697243107769424,Stats,,22,,128,1,14.80704,0.005096774193548387,1711080121922,1711080121944,False
AS-728bfecf-1d02-4c15-a0b1-59b2a9357fbc,0.006364661654135339,wait1,,1005,,128,1,10.596352,0.0213,1711080122427,1711080123432,False
AS-728bfecf-1d02-4c15-a0b1-59b2a9357fbc,0.006364661654135339,AES1,0.0005,14063,14277,256,8,22.880256,0.6932631578947368,1711080123463,1711080137526,False
AS-728bfecf-1d02-4c15-a0b1-59b2a9357fbc,0.006364661654135339,AES2,0.010274436090225565,14226,14277,256,8,37.146624,4.076565789473684,1711080123463,1711080137689,False
AS-728bfecf-1d02-4c15-a0b1-59b2a9357fbc,0.006364661654135339,AES3,0.00831954887218045,14277,14277,256,8,33.796096,3.415407894736842,1711080123463,1711080137740,False
AS-728bfecf-1d02-4c15-a0b1-59b2a9357fbc,0.006364661654135339,Stats,,22,,128,1,14.606336,0.005451612903225806,1711080137792,1711080137814,False
AS-97298dd9-ebcd-4da8-8e47-ef0ee8827194,0.006343609022556392,wait1,,1005,,128,1,10.358784,0.02096875,1711080138336,1711080139341,False
AS-97298dd9-ebcd-4da8-8e47-ef0ee8827194,0.006343609022556392,AES1,0.004388721804511279,5708,5708,256,8,28.360704,2.057592105263158,1711080139406,1711080145114,False
AS-97298dd9-ebcd-4da8-8e47-ef0ee8827194,0.006343609022556392,AES2,0.0024338345864661657,5689,5708,256,8,25.677824,1.3066749999999998,1711080139404,1711080145093,False
AS-97298dd9-ebcd-4da8-8e47-ef0ee8827194,0.006343609022556392,AES3,0.01220827067669173,5669,5708,256,8,40.144896,4.795131578947369,1711080139406,1711080145075,False
AS-97298dd9-ebcd-4da8-8e47-ef0ee8827194,0.006343609022556392,Stats,,23,,128,1,14.573568,0.005,1711080145151,1711080145174,False
AS-4e5d7d00-8da7-4499-bf56-b833b97f6a3f,0.007016290726817043,wait1,,1006,,128,1,10.387456,0.023233333333333335,1711080145674,1711080146680,False
AS-4e5d7d00-8da7-4499-bf56-b833b97f6a3f,0.007016290726817043,AES1,0.0063646616541353385,14695,14846,256,8,31.911936,2.7060263157894737,1711080146712,1711080161407,False
AS-4e5d7d00-8da7-4499-bf56-b833b97f6a3f,0.007016290726817043,AES2,0.0024548872180451126,14593,14846,256,8,25.915392,1.3392261904761904,1711080146712,1711080161305,False
AS-4e5d7d00-8da7-4499-bf56-b833b97f6a3f,0.007016290726817043,AES3,0.012229323308270677,14846,14846,256,8,39.440384,4.697168831168831,1711080146712,1711080161558,False
AS-4e5d7d00-8da7-4499-bf56-b833b97f6a3f,0.007016290726817043,Stats,,22,,128,1,14.573568,0.005333333333333334,1711080161627,1711080161649,False
AS-1a83ae61-1edb-46ff-87f2-0ae7b0369aa6,0.0037528822055137843,wait1,,1006,,128,1,10.661888,0.0186875,1711080162145,1711080163151,False
AS-1a83ae61-1edb-46ff-87f2-0ae7b0369aa6,0.0037528822055137843,AES1,0.0004947368421052631,8150,8456,256,8,22.437888,0.6908421052631579,1711080163179,1711080171329,False
AS-1a83ae61-1edb-46ff-87f2-0ae7b0369aa6,0.0037528822055137843,AES2,0.004404511278195489,8456,8456,256,8,28.819456,2.0325714285714285,1711080163177,1711080171633,False
AS-1a83ae61-1edb-46ff-87f2-0ae7b0369aa6,0.0037528822055137843,AES3,0.006359398496240601,8456,8456,256,8,31.731712,2.710168831168831,1711080163176,1711080171632,False
AS-1a83ae61-1edb-46ff-87f2-0ae7b0369aa6,0.0037528822055137843,Stats,,23,,128,1,14.852096,0.004937500000000001,1711080171689,1711080171712,False
AS-d760d279-c3f3-44d4-b9cc-16b7c31a5a18,0.005734085213032582,wait1,,1004,,128,1,10.686464,0.02040625,1711080172194,1711080173198,False
AS-d760d279-c3f3-44d4-b9cc-16b7c31a5a18,0.005734085213032582,AES1,0.0005210526315789474,21682,21682,256,8,22.786048,0.6915526315789473,1711080173229,1711080194911,False
AS-d760d279-c3f3-44d4-b9cc-16b7c31a5a18,0.005734085213032582,AES2,0.006385714285714286,21583,21682,256,8,31.82592,2.744657894736842,1711080173229,1711080194812,False
AS-d760d279-c3f3-44d4-b9cc-16b7c31a5a18,0.005734085213032582,AES3,0.010295488721804512,21533,21682,256,8,37.31456,4.059116883116883,1711080173230,1711080194763,False
AS-d760d279-c3f3-44d4-b9cc-16b7c31a5a18,0.005734085213032582,Stats,,23,,128,1,14.819328,0.0059375,1711080194996,1711080195019,False
AS-93ddbe2e-1167-4aa0-8369-736cfcc23b73,0.005050877192982456,wait1,,1012,,128,1,10.440704,0.02270967741935484,1711080195531,1711080196543,False
AS-93ddbe2e-1167-4aa0-8369-736cfcc23b73,0.005050877192982456,AES1,0.0004894736842105263,9012,9214,256,8,22.515712,0.687076923076923,1711080196632,1711080205644,False
AS-93ddbe2e-1167-4aa0-8369-736cfcc23b73,0.005050877192982456,AES2,0.002444360902255639,9011,9214,256,8,25.64096,1.3227974683544306,1711080196632,1711080205643,False
AS-93ddbe2e-1167-4aa0-8369-736cfcc23b73,0.005050877192982456,AES3,0.012218796992481204,9214,9214,256,8,40.353792,4.733480519480519,1711080196632,1711080205846,False
AS-93ddbe2e-1167-4aa0-8369-736cfcc23b73,0.005050877192982456,Stats,,23,,128,1,14.585856,0.005,1711080205897,1711080205920,False
AS-9a58f612-81ed-48a6-bc71-2e5d9fa5ac24,0.0044097744360902255,wait1,,1006,,128,1,10.457088,0.02206451612903226,1711080206399,1711080207405,False
AS-9a58f612-81ed-48a6-bc71-2e5d9fa5ac24,0.0044097744360902255,AES1,0.0005,10129,12399,256,8,22.843392,0.6745897435897436,1711080207435,1711080217564,False
AS-9a58f612-81ed-48a6-bc71-2e5d9fa5ac24,0.0044097744360902255,AES2,0.0063646616541353385,12399,12399,256,8,31.739904,2.6365696202531645,1711080207437,1711080219836,False
AS-9a58f612-81ed-48a6-bc71-2e5d9fa5ac24,0.0044097744360902255,AES3,0.0063646616541353385,12351,12399,256,8,31.371264,2.7789466666666667,1711080207435,1711080219786,False
AS-9a58f612-81ed-48a6-bc71-2e5d9fa5ac24,0.0044097744360902255,Stats,,23,,128,1,14.630912,0.0056129032258064515,1711080219895,1711080219918,False
AS-f2390201-2076-46a1-8046-506285a1091b,0.0031012531328320804,wait1,,1006,,128,1,10.739712,0.02063636363636364,1711080220453,1711080221459,False
AS-f2390201-2076-46a1-8046-506285a1091b,0.0031012531328320804,AES1,0.0004947368421052631,7641,7995,256,8,22.75328,0.6913947368421053,1711080221487,1711080229128,False
AS-f2390201-2076-46a1-8046-506285a1091b,0.0031012531328320804,AES2,0.002449624060150376,7995,7995,256,8,25.78432,1.3405769230769229,1711080221487,1711080229482,False
AS-f2390201-2076-46a1-8046-506285a1091b,0.0031012531328320804,AES3,0.006359398496240601,7692,7995,256,8,31.268864,2.7822666666666667,1711080221487,1711080229179,False
AS-f2390201-2076-46a1-8046-506285a1091b,0.0031012531328320804,Stats,,25,,128,1,14.934016,0.004787878787878788,1711080229555,1711080229580,False
AS-65dbe4b8-4cf5-4196-92fc-8c0347a77241,0.004399248120300753,wait1,,1006,,128,1,10.502144,0.02034375,1711080230103,1711080231109,False
AS-65dbe4b8-4cf5-4196-92fc-8c0347a77241,0.004399248120300753,AES1,0.0004894736842105263,8807,8858,256,8,22.474752,0.6928552631578948,1711080231138,1711080239945,False
AS-65dbe4b8-4cf5-4196-92fc-8c0347a77241,0.004399248120300753,AES2,0.006354135338345865,8858,8858,256,8,31.25248,2.6439240506329114,1711080231138,1711080239996,False
AS-65dbe4b8-4cf5-4196-92fc-8c0347a77241,0.004399248120300753,AES3,0.006354135338345865,7089,8858,256,8,30.941184,2.744013157894737,1711080231139,1711080238228,False
AS-65dbe4b8-4cf5-4196-92fc-8c0347a77241,0.004399248120300753,Stats,,22,,128,1,14.770176,0.005999999999999999,1711080240050,1711080240072,False
AS-cfa66088-6e9b-40a0-8c9d-52cf1b5edcf1,0.006343609022556392,wait1,,1007,,128,1,10.784768,0.03025806451612903,1711080240594,1711080241601,False
AS-cfa66088-6e9b-40a0-8c9d-52cf1b5edcf1,0.006343609022556392,AES1,0.0024338345864661657,5833,6037,256,8,25.440256,1.3747894736842106,1711080241629,1711080247462,False
AS-cfa66088-6e9b-40a0-8c9d-52cf1b5edcf1,0.006343609022556392,AES2,0.006343609022556391,5936,6037,256,8,31.965184,2.7418157894736845,1711080241627,1711080247563,False
AS-cfa66088-6e9b-40a0-8c9d-52cf1b5edcf1,0.006343609022556392,AES3,0.010253383458646617,6037,6037,256,8,36.818944,4.011129870129871,1711080241627,1711080247664,False
AS-cfa66088-6e9b-40a0-8c9d-52cf1b5edcf1,0.006343609022556392,Stats,,22,,128,1,14.7456,0.006088235294117648,1711080247708,1711080247730,False
AS-3c9b723c-87d3-4a64-8d85-f0c8ad1e79fa,0.007667919799498747,wait1,,1010,,128,1,10.79296,0.023058823529411764,1711080248235,1711080249245,False
AS-3c9b723c-87d3-4a64-8d85-f0c8ad1e79fa,0.007667919799498747,AES1,0.0024548872180451126,15099,15550,256,8,25.452544,1.3541558441558441,1711080249274,1711080264373,False
AS-3c9b723c-87d3-4a64-8d85-f0c8ad1e79fa,0.007667919799498747,AES2,0.0063646616541353385,15399,15550,256,8,31.830016,2.6651052631578946,1711080249274,1711080264673,False
AS-3c9b723c-87d3-4a64-8d85-f0c8ad1e79fa,0.007667919799498747,AES3,0.014184210526315789,15550,15550,256,8,42.938368,5.337337662337662,1711080249274,1711080264824,False
AS-3c9b723c-87d3-4a64-8d85-f0c8ad1e79fa,0.007667919799498747,Stats,,24,,128,1,14.7456,0.0054375,1711080264880,1711080264904,False
AS-7f92f5f2-3c26-4dd3-95b0-c3b8c7130e4c,0.007683709273182957,wait1,,1005,,128,1,10.809344,0.020741935483870967,1711080265442,1711080266447,False
AS-7f92f5f2-3c26-4dd3-95b0-c3b8c7130e4c,0.007683709273182957,AES1,0.004425563909774436,22795,23081,256,8,28.389376,2.0586184210526315,1711080266482,1711080289277,False
AS-7f92f5f2-3c26-4dd3-95b0-c3b8c7130e4c,0.007683709273182957,AES2,0.008335338345864661,23032,23081,256,8,34.18112,3.4719466666666667,1711080266482,1711080289514,False
AS-7f92f5f2-3c26-4dd3-95b0-c3b8c7130e4c,0.007683709273182957,AES3,0.010290225563909775,23081,23081,256,8,36.859904,4.078671052631579,1711080266482,1711080289563,False
AS-7f92f5f2-3c26-4dd3-95b0-c3b8c7130e4c,0.007683709273182957,Stats,,23,,128,1,14.835712,0.004485714285714286,1711080289657,1711080289680,False
AS-397849fc-7930-4e3c-920e-fef2ab2fa5e2,0.005697243107769424,wait1,,1007,,128,1,10.555392,0.02571875,1711080290175,1711080291182,False
AS-397849fc-7930-4e3c-920e-fef2ab2fa5e2,0.005697243107769424,AES1,0.00048421052631578945,5486,7764,256,8,22.777856,0.6909605263157894,1711080291231,1711080296717,False
AS-397849fc-7930-4e3c-920e-fef2ab2fa5e2,0.005697243107769424,AES2,0.004393984962406015,7764,7764,256,8,28.24192,2.0353846153846153,1711080291230,1711080298994,False
AS-397849fc-7930-4e3c-920e-fef2ab2fa5e2,0.005697243107769424,AES3,0.012213533834586468,7724,7764,256,8,39.837696,4.56415,1711080291230,1711080298954,False
AS-397849fc-7930-4e3c-920e-fef2ab2fa5e2,0.005697243107769424,Stats,,23,,128,1,14.7456,0.00696875,1711080299044,1711080299067,False
AS-3441bf85-d670-4f52-af4b-ffb6b7900f3c,0.008324812030075188,wait1,,1008,,128,1,10.83392,0.022281250000000002,1711080299584,1711080300592,False
AS-3441bf85-d670-4f52-af4b-ffb6b7900f3c,0.008324812030075188,AES1,0.00246015037593985,17881,18763,256,8,25.952256,1.3283376623376622,1711080300626,1711080318507,False
AS-3441bf85-d670-4f52-af4b-ffb6b7900f3c,0.008324812030075188,AES2,0.008324812030075188,18393,18763,256,8,34.619392,3.353818181818182,1711080300626,1711080319019,False
AS-3441bf85-d670-4f52-af4b-ffb6b7900f3c,0.008324812030075188,AES3,0.014189473684210526,18763,18763,256,8,42.04544,5.231,1711080300622,1711080319385,False
AS-3441bf85-d670-4f52-af4b-ffb6b7900f3c,0.008324812030075188,Stats,,22,,128,1,15.020032,0.005903225806451613,1711080319598,1711080319620,False
AS-1e74daf7-2d94-49a6-a097-c520d47b8068,0.0056919799498746865,wait1,,1006,,128,1,10.866688,0.023206896551724136,1711080320133,1711080321139,False
AS-1e74daf7-2d94-49a6-a097-c520d47b8068,0.0056919799498746865,AES1,0.004388721804511279,5624,5878,256,8,28.52864,1.9817848101265823,1711080321236,1711080326860,False
AS-1e74daf7-2d94-49a6-a097-c520d47b8068,0.0056919799498746865,AES2,0.0024338345864661657,5878,5878,256,8,25.321472,1.3250379746835441,1711080321236,1711080327114,False
AS-1e74daf7-2d94-49a6-a097-c520d47b8068,0.0056919799498746865,AES3,0.010253383458646617,5831,5878,256,8,37.220352,4.059337662337662,1711080321236,1711080327067,False
AS-1e74daf7-2d94-49a6-a097-c520d47b8068,0.0056919799498746865,Stats,,22,,128,1,14.749696,0.005225806451612903,1711080327162,1711080327184,False
AS-e08f4f43-e97d-464b-b807-b2ac7a9ec4ad,0.0070373433583959906,wait1,,1005,,128,1,10.616832,0.018866666666666667,1711080327683,1711080328688,False
AS-e08f4f43-e97d-464b-b807-b2ac7a9ec4ad,0.0070373433583959906,AES1,0.0024759398496240603,23217,24072,256,8,25.501696,1.3924,1711080328752,1711080351969,False
AS-e08f4f43-e97d-464b-b807-b2ac7a9ec4ad,0.0070373433583959906,AES2,0.004430827067669173,24072,24072,256,8,28.954624,2.062657894736842,1711080328751,1711080352823,False
AS-e08f4f43-e97d-464b-b807-b2ac7a9ec4ad,0.0070373433583959906,AES3,0.014205263157894738,23828,24072,256,8,42.76224,5.44975,1711080328752,1711080352580,False
AS-e08f4f43-e97d-464b-b807-b2ac7a9ec4ad,0.0070373433583959906,Stats,,25,,128,1,15.290368,0.005266666666666667,1711080352918,1711080352943,False
AS-4f50f2a7-b967-4c3b-90e8-544896418714,0.008309022556390978,wait1,,1005,,128,1,10.89536,0.0195625,1711080353448,1711080354453,False
AS-4f50f2a7-b967-4c3b-90e8-544896418714,0.008309022556390978,AES1,0.006354135338345865,11402,11402,256,8,31.076352,2.6176184210526316,1711080354509,1711080365911,False
AS-4f50f2a7-b967-4c3b-90e8-544896418714,0.008309022556390978,AES2,0.01026390977443609,11391,11402,256,8,37.535744,4.001947368421053,1711080354508,1711080365899,False
AS-4f50f2a7-b967-4c3b-90e8-544896418714,0.008309022556390978,AES3,0.008309022556390978,11361,11402,256,8,34.34496,3.2426578947368423,1711080354508,1711080365869,False
AS-4f50f2a7-b967-4c3b-90e8-544896418714,0.008309022556390978,Stats,,23,,128,1,15.50336,0.006060606060606061,1711080365973,1711080365996,False
AS-813d449b-cb43-42f1-8288-40ecff9f4c5b,0.008324812030075188,wait1,,1008,,128,1,10.911744,0.0248,1711080366528,1711080367536,False
AS-813d449b-cb43-42f1-8288-40ecff9f4c5b,0.008324812030075188,AES1,0.0005052631578947368,17840,18716,256,8,22.757376,0.7009466666666666,1711080367576,1711080385416,False
AS-813d449b-cb43-42f1-8288-40ecff9f4c5b,0.008324812030075188,AES2,0.010279699248120302,18553,18716,256,8,37.085184,4.0077105263157895,1711080367574,1711080386127,False
AS-813d449b-cb43-42f1-8288-40ecff9f4c5b,0.008324812030075188,AES3,0.014189473684210526,18716,18716,256,8,42.881024,5.320276315789474,1711080367575,1711080386291,False
AS-813d449b-cb43-42f1-8288-40ecff9f4c5b,0.008324812030075188,Stats,,23,,128,1,15.286272,0.00515625,1711080386384,1711080386407,False
AS-d3df7980-3ca6-49ff-8dc1-15c34a8ee2b6,0.008944862155388473,wait1,,1009,,128,1,10.657792,0.027187499999999996,1711080386927,1711080387936,False
AS-d3df7980-3ca6-49ff-8dc1-15c34a8ee2b6,0.008944862155388473,AES1,0.004383458646616541,4071,4741,256,8,28.598272,1.9297236842105265,1711080387965,1711080392036,False
AS-d3df7980-3ca6-49ff-8dc1-15c34a8ee2b6,0.008944862155388473,AES2,0.010248120300751881,4621,4741,256,8,36.646912,3.782763157894737,1711080387965,1711080392586,False
AS-d3df7980-3ca6-49ff-8dc1-15c34a8ee2b6,0.008944862155388473,AES3,0.012203007518796993,4741,4741,256,8,39.047168,4.427342105263158,1711080387966,1711080392707,False
AS-d3df7980-3ca6-49ff-8dc1-15c34a8ee2b6,0.008944862155388473,Stats,,22,,128,1,15.03232,0.0055000000000000005,1711080392750,1711080392772,False
AS-0dfccd5d-5e22-4558-abee-3b79f18a0892,0.009628070175438597,wait1,,1004,,128,1,10.924032,0.019290322580645163,1711080393278,1711080394282,False
AS-0dfccd5d-5e22-4558-abee-3b79f18a0892,0.009628070175438597,AES1,0.006369924812030076,19360,22067,256,8,31.084544,2.614934210526316,1711080394309,1711080413669,False
AS-0dfccd5d-5e22-4558-abee-3b79f18a0892,0.009628070175438597,AES2,0.008324812030075188,20164,22067,256,8,34.086912,3.2707894736842107,1711080394309,1711080414473,False
AS-0dfccd5d-5e22-4558-abee-3b79f18a0892,0.009628070175438597,AES3,0.014189473684210526,22067,22067,256,8,42.369024,5.273126582278481,1711080394309,1711080416376,False
AS-0dfccd5d-5e22-4558-abee-3b79f18a0892,0.009628070175438597,Stats,,25,,128,1,15.036416,0.004937500000000001,1711080416502,1711080416527,False
AS-43fe208d-3665-4315-8668-63418250527e,0.008335338345864663,wait1,,1007,,128,1,10.93632,0.0251875,1711080417074,1711080418081,False
AS-43fe208d-3665-4315-8668-63418250527e,0.008335338345864663,AES1,0.0005157894736842105,23062,24447,256,8,22.491136,0.6928684210526316,1711080418109,1711080441171,False
AS-43fe208d-3665-4315-8668-63418250527e,0.008335338345864663,AES2,0.010290225563909775,24447,24447,256,8,37.117952,3.9577763157894736,1711080418109,1711080442556,False
AS-43fe208d-3665-4315-8668-63418250527e,0.008335338345864663,AES3,0.0142,23992,24447,256,8,42.504192,5.211631578947369,1711080418111,1711080442103,False
AS-43fe208d-3665-4315-8668-63418250527e,0.008335338345864663,Stats,,26,,128,1,15.07328,0.004787878787878788,1711080442680,1711080442706,False
AS-f00b2634-1adb-4e78-8472-d6dda809c062,0.005686716791979949,wait1,,1005,,128,1,10.948608,0.017818181818181816,1711080443244,1711080444249,False
AS-f00b2634-1adb-4e78-8472-d6dda809c062,0.005686716791979949,AES1,0.00047368421052631577,3752,3762,256,8,22.642688,0.6652784810126583,1711080444277,1711080448029,False
AS-f00b2634-1adb-4e78-8472-d6dda809c062,0.005686716791979949,AES2,0.0024285714285714284,3762,3762,256,8,25.673728,1.3535131578947368,1711080444278,1711080448040,False
AS-f00b2634-1adb-4e78-8472-d6dda809c062,0.005686716791979949,AES3,0.014157894736842105,3651,3762,256,8,42.84416,5.272253164556963,1711080444277,1711080447928,False
AS-f00b2634-1adb-4e78-8472-d6dda809c062,0.005686716791979949,Stats,,22,,128,1,15.03232,0.005516129032258065,1711080448071,1711080448093,False
AS-149e2d75-9de8-4790-b1c9-df7ebd64e37f,0.005056140350877193,wait1,,1006,,128,1,10.964992,0.019064516129032257,1711080448581,1711080449587,False
AS-149e2d75-9de8-4790-b1c9-df7ebd64e37f,0.005056140350877193,AES1,0.002449624060150376,8830,11196,256,8,25.411584,1.3571688311688312,1711080449614,1711080458444,False
AS-149e2d75-9de8-4790-b1c9-df7ebd64e37f,0.005056140350877193,AES2,0.006359398496240601,11043,11196,256,8,31.809536,2.7797866666666664,1711080449614,1711080460657,False
AS-149e2d75-9de8-4790-b1c9-df7ebd64e37f,0.005056140350877193,AES3,0.006359398496240601,11196,11196,256,8,31.023104,2.7093246753246754,1711080449613,1711080460809,False
AS-149e2d75-9de8-4790-b1c9-df7ebd64e37f,0.005056140350877193,Stats,,23,,128,1,15.03232,0.005875,1711080460871,1711080460894,False
AS-f7b1fbf5-9dbd-4350-997d-deed9337234f,0.005071929824561404,wait1,,1004,,128,1,10.719232,0.021312499999999998,1711080461424,1711080462428,False
AS-f7b1fbf5-9dbd-4350-997d-deed9337234f,0.005071929824561404,AES1,0.0005105263157894736,16661,16661,256,8,22.786048,0.6914736842105264,1711080462454,1711080479115,False
AS-f7b1fbf5-9dbd-4350-997d-deed9337234f,0.005071929824561404,AES2,0.006375187969924812,16358,16661,256,8,31.748096,2.7812666666666668,1711080462455,1711080478813,False
AS-f7b1fbf5-9dbd-4350-997d-deed9337234f,0.005071929824561404,AES3,0.008330075187969925,16307,16661,256,8,34.025472,3.339576923076923,1711080462455,1711080478762,False
AS-f7b1fbf5-9dbd-4350-997d-deed9337234f,0.005071929824561404,Stats,,23,,128,1,15.294464,0.004757575757575757,1711080479181,1711080479204,False
AS-49475ad7-1f54-45ac-9972-b400de6980ed,0.005686716791979951,wait1,,1008,,128,1,11.001856,0.023193548387096773,1711080479730,1711080480738,False
AS-49475ad7-1f54-45ac-9972-b400de6980ed,0.005686716791979951,AES1,0.0024285714285714284,3356,3655,256,8,25.84576,1.349314606741573,1711080480775,1711080484131,False
AS-49475ad7-1f54-45ac-9972-b400de6980ed,0.005686716791979951,AES2,0.004383458646616541,3602,3655,256,8,28.811264,1.9762,1711080480775,1711080484377,False
AS-49475ad7-1f54-45ac-9972-b400de6980ed,0.005686716791979951,AES3,0.010248120300751881,3655,3655,256,8,37.122048,4.104013157894737,1711080480774,1711080484429,False
AS-49475ad7-1f54-45ac-9972-b400de6980ed,0.005686716791979951,Stats,,22,,128,1,15.294464,0.00503125,1711080484493,1711080484515,False
AS-d35f58e4-6a08-4558-a860-c9cf97698814,0.006989974937343359,wait1,,1005,,128,1,10.768384,0.020531249999999997,1711080485024,1711080486029,False
AS-d35f58e4-6a08-4558-a860-c9cf97698814,0.006989974937343359,AES1,0.004383458646616541,3916,3965,256,8,28.246016,2.006653846153846,1711080486057,1711080489973,False
AS-d35f58e4-6a08-4558-a860-c9cf97698814,0.006989974937343359,AES2,0.010248120300751881,3965,3965,256,8,37.502976,3.950544303797469,1711080486059,1711080490024,False
AS-d35f58e4-6a08-4558-a860-c9cf97698814,0.006989974937343359,AES3,0.006338345864661654,3965,3965,256,8,30.838784,2.6233,1711080486059,1711080490024,False
AS-d35f58e4-6a08-4558-a860-c9cf97698814,0.006989974937343359,Stats,,22,,128,1,15.036416,0.005,1711080490060,1711080490082,False
AS-e4bc8569-37a4-497e-bdac-e603400d6262,0.007652130325814536,wait1,,1005,,128,1,10.776576,0.019848484848484848,1711080491092,1711080492097,False
AS-e4bc8569-37a4-497e-bdac-e603400d6262,0.007652130325814536,AES1,0.006348872180451128,8546,8670,256,8,31.043584,2.6426666666666665,1711080492128,1711080500674,False
AS-e4bc8569-37a4-497e-bdac-e603400d6262,0.007652130325814536,AES2,0.010258646616541354,8558,8670,256,8,36.642816,3.9906973684210527,1711080492128,1711080500686,False
AS-e4bc8569-37a4-497e-bdac-e603400d6262,0.007652130325814536,AES3,0.006348872180451128,8670,8670,256,8,30.98624,2.742246753246753,1711080492128,1711080500798,False
AS-e4bc8569-37a4-497e-bdac-e603400d6262,0.007652130325814536,Stats,,23,,128,1,15.036416,0.0065,1711080500875,1711080500898,False
AS-cbce4ca5-8cec-48f7-9569-10b1c4f3733d,0.008976441102756893,wait1,,1005,,128,1,11.055104,0.02425,1711080501405,1711080502410,False
AS-cbce4ca5-8cec-48f7-9569-10b1c4f3733d,0.008976441102756893,AES1,0.006369924812030076,18757,20094,256,8,31.789056,2.6725584415584414,1711080502440,1711080521197,False
AS-cbce4ca5-8cec-48f7-9569-10b1c4f3733d,0.008976441102756893,AES2,0.006369924812030076,18888,20094,256,8,31.584256,2.712421052631579,1711080502440,1711080521328,False
AS-cbce4ca5-8cec-48f7-9569-10b1c4f3733d,0.008976441102756893,AES3,0.014189473684210526,20094,20094,256,8,42.622976,5.2022625,1711080502440,1711080522534,False
AS-cbce4ca5-8cec-48f7-9569-10b1c4f3733d,0.008976441102756893,Stats,,23,,128,1,15.27808,0.005161290322580645,1711080522659,1711080522682,False
AS-ffd49e08-8b3e-4d94-8d6a-efca86c29aed,0.006989974937343359,wait1,,1005,,128,1,11.067392,0.019272727272727275,1711080523174,1711080524179,False
AS-ffd49e08-8b3e-4d94-8d6a-efca86c29aed,0.006989974937343359,AES1,0.006338345864661654,3993,3993,256,8,31.809536,2.5782666666666665,1711080524227,1711080528220,False
AS-ffd49e08-8b3e-4d94-8d6a-efca86c29aed,0.006989974937343359,AES2,0.008293233082706767,3961,3993,256,8,34.095104,3.3368051948051947,1711080524228,1711080528189,False
AS-ffd49e08-8b3e-4d94-8d6a-efca86c29aed,0.006989974937343359,AES3,0.006338345864661654,3920,3993,256,8,31.207424,2.6155625,1711080524228,1711080528148,False
AS-ffd49e08-8b3e-4d94-8d6a-efca86c29aed,0.006989974937343359,Stats,,22,,128,1,15.036416,0.005838709677419355,1711080528251,1711080528273,False
AS-51d2c134-b4cb-4827-9cab-bea81abadd8d,0.0057182957393483716,wait1,,1007,,128,1,10.821632,0.0269375,1711080528775,1711080529782,False
AS-51d2c134-b4cb-4827-9cab-bea81abadd8d,0.0057182957393483716,AES1,0.006369924812030076,15714,15765,256,8,31.408128,2.7819066666666665,1711080529811,1711080545525,False
AS-51d2c134-b4cb-4827-9cab-bea81abadd8d,0.0057182957393483716,AES2,0.00246015037593985,15765,15765,256,8,25.821184,1.3595454545454546,1711080529811,1711080545576,False
AS-51d2c134-b4cb-4827-9cab-bea81abadd8d,0.0057182957393483716,AES3,0.008324812030075188,15412,15765,256,8,34.2016,3.4691066666666663,1711080529811,1711080545223,False
AS-51d2c134-b4cb-4827-9cab-bea81abadd8d,0.0057182957393483716,Stats,,22,,128,1,15.069184,0.005258064516129032,1711080545640,1711080545662,False
AS-22c333f9-976b-4e57-a7ba-8e5496609ce6,0.005697243107769423,wait1,,1005,,128,1,11.10016,0.025275862068965517,1711080546200,1711080547205,False
AS-22c333f9-976b-4e57-a7ba-8e5496609ce6,0.005697243107769423,AES1,0.0024390977443609022,7450,8016,256,8,25.223168,1.357142857142857,1711080547263,1711080554713,False
AS-22c333f9-976b-4e57-a7ba-8e5496609ce6,0.005697243107769423,AES2,0.00830375939849624,8016,8016,256,8,33.681408,3.25685,1711080547263,1711080555279,False
AS-22c333f9-976b-4e57-a7ba-8e5496609ce6,0.005697243107769423,AES3,0.006348872180451128,7956,8016,256,8,31.715328,2.638215189873418,1711080547263,1711080555219,False
AS-22c333f9-976b-4e57-a7ba-8e5496609ce6,0.005697243107769423,Stats,,24,,128,1,15.036416,0.004875,1711080555327,1711080555351,False
AS-febac979-4f2c-4736-bbfa-12644e033079,0.008298496240601505,wait1,,1006,,128,1,10.8544,0.03565625,1711080555857,1711080556863,False
AS-febac979-4f2c-4736-bbfa-12644e033079,0.008298496240601505,AES1,0.0004789473684210526,6443,6798,256,8,22.470656,0.6916710526315789,1711080556909,1711080563352,False
AS-febac979-4f2c-4736-bbfa-12644e033079,0.008298496240601505,AES2,0.010253383458646617,6659,6798,256,8,36.98688,3.89312987012987,1711080556909,1711080563568,False
AS-febac979-4f2c-4736-bbfa-12644e033079,0.008298496240601505,AES3,0.014163157894736843,6798,6798,256,8,42.496,5.3439736842105265,1711080556907,1711080563705,False
AS-febac979-4f2c-4736-bbfa-12644e033079,0.008298496240601505,Stats,,22,,128,1,15.040512,0.0051875,1711080563759,1711080563781,False
AS-a368c34b-ea9c-4540-ad98-5806299a551e,0.009596491228070176,wait1,,1006,,128,1,11.12064,0.0205,1711080564285,1711080565291,False
AS-a368c34b-ea9c-4540-ad98-5806299a551e,0.009596491228070176,AES1,0.004383458646616541,4407,5053,256,8,29.159424,1.9781688311688312,1711080565322,1711080569729,False
AS-a368c34b-ea9c-4540-ad98-5806299a551e,0.009596491228070176,AES2,0.010248120300751881,4829,5053,256,8,36.470784,3.892013157894737,1711080565318,1711080570147,False
AS-a368c34b-ea9c-4540-ad98-5806299a551e,0.009596491228070176,AES3,0.014157894736842105,5053,5053,256,8,42.614784,5.064324675324675,1711080565319,1711080570372,False
AS-a368c34b-ea9c-4540-ad98-5806299a551e,0.009596491228070176,Stats,,23,,128,1,15.036416,0.0074516129032258065,1711080570435,1711080570458,False
AS-d0c9c95c-2090-45e6-8069-0056a8745d2c,0.008293233082706767,wait1,,1005,,128,1,10.891264,0.018,1711080571056,1711080572061,False
AS-d0c9c95c-2090-45e6-8069-0056a8745d2c,0.008293233082706767,AES1,0.006338345864661654,4243,4350,256,8,31.154176,2.664602409638554,1711080572103,1711080576346,False
AS-d0c9c95c-2090-45e6-8069-0056a8745d2c,0.008293233082706767,AES2,0.004383458646616541,4188,4350,256,8,28.42624,2.0324698795180725,1711080572099,1711080576287,False
AS-d0c9c95c-2090-45e6-8069-0056a8745d2c,0.008293233082706767,AES3,0.014157894736842105,4350,4350,256,8,43.331584,5.1862771084337345,1711080572102,1711080576452,False
AS-d0c9c95c-2090-45e6-8069-0056a8745d2c,0.008293233082706767,Stats,,22,,128,1,15.556608,0.006666666666666666,1711080576503,1711080576525,False
AS-67392e47-87e0-4df8-a912-ba9e23869923,0.0070110275689223055,wait1,,1005,,128,1,10.903552,0.018875,1711080577012,1711080578017,False
AS-67392e47-87e0-4df8-a912-ba9e23869923,0.0070110275689223055,AES1,0.004404511278195489,12651,12651,256,8,28.545024,1.95515,1711080578050,1711080590701,False
AS-67392e47-87e0-4df8-a912-ba9e23869923,0.0070110275689223055,AES2,0.002449624060150376,12549,12651,256,8,25.829376,1.3785657894736842,1711080578050,1711080590599,False
AS-67392e47-87e0-4df8-a912-ba9e23869923,0.0070110275689223055,AES3,0.014178947368421053,12470,12651,256,8,42.135552,5.4238,1711080578050,1711080590520,False
AS-67392e47-87e0-4df8-a912-ba9e23869923,0.0070110275689223055,Stats,,22,,128,1,15.282176,0.005322580645161291,1711080590745,1711080590767,False
AS-bcd46fec-134c-4ecb-84ac-6e34f28a19bf,0.007641604010025063,wait1,,1006,,128,1,11.18208,0.023718749999999997,1711080591288,1711080592294,False
AS-bcd46fec-134c-4ecb-84ac-6e34f28a19bf,0.007641604010025063,AES1,0.006338345864661654,4201,4201,256,8,31.637504,2.7512631578947366,1711080592331,1711080596532,False
AS-bcd46fec-134c-4ecb-84ac-6e34f28a19bf,0.007641604010025063,AES2,0.010248120300751881,4195,4201,256,8,36.610048,3.9214666666666664,1711080592329,1711080596524,False
AS-bcd46fec-134c-4ecb-84ac-6e34f28a19bf,0.007641604010025063,AES3,0.006338345864661654,4083,4201,256,8,31.698944,2.582184210526316,1711080592331,1711080596414,False
AS-bcd46fec-134c-4ecb-84ac-6e34f28a19bf,0.007641604010025063,Stats,,22,,128,1,15.044608,0.005741935483870968,1711080596562,1711080596584,False
AS-37d9dfea-53c1-4dee-88a3-78bb8c6fcd42,0.004420300751879699,wait1,,1005,,128,1,10.928128,0.017968750000000002,1711080597096,1711080598101,False
AS-37d9dfea-53c1-4dee-88a3-78bb8c6fcd42,0.004420300751879699,AES1,0.0005105263157894736,12073,16501,256,8,23.109632,0.6911973684210526,1711080598135,1711080610208,False
AS-37d9dfea-53c1-4dee-88a3-78bb8c6fcd42,0.004420300751879699,AES2,0.004420300751879699,16501,16501,256,8,28.188672,2.0343636363636364,1711080598135,1711080614636,False
AS-37d9dfea-53c1-4dee-88a3-78bb8c6fcd42,0.004420300751879699,AES3,0.008330075187969925,16102,16501,256,8,34.992128,3.4739733333333334,1711080598135,1711080614237,False
AS-37d9dfea-53c1-4dee-88a3-78bb8c6fcd42,0.004420300751879699,Stats,,23,,128,1,15.368192,0.005484848484848485,1711080614780,1711080614803,False
AS-54c33460-164b-4fbe-9b75-07da599c5774,0.006338345864661654,wait1,,1005,,128,1,11.206656,0.021483870967741937,1711080615326,1711080616331,False
AS-54c33460-164b-4fbe-9b75-07da599c5774,0.006338345864661654,AES1,0.00047368421052631577,3855,3855,256,8,23.035904,0.6732307692307693,1711080616366,1711080620221,False
AS-54c33460-164b-4fbe-9b75-07da599c5774,0.006338345864661654,AES2,0.004383458646616541,3754,3855,256,8,28.684288,2.045355263157895,1711080616366,1711080620120,False
AS-54c33460-164b-4fbe-9b75-07da599c5774,0.006338345864661654,AES3,0.014157894736842105,3855,3855,256,8,43.081728,5.1982375,1711080616366,1711080620221,False
AS-54c33460-164b-4fbe-9b75-07da599c5774,0.006338345864661654,Stats,,22,,128,1,14.860288,0.005,1711080620275,1711080620297,False
AS-a2c4b687-fe0c-4550-8f71-372ef5fcd709,0.008340601503759398,wait1,,1007,,128,1,11.22304,0.021612903225806453,1711080620780,1711080621787,False
AS-a2c4b687-fe0c-4550-8f71-372ef5fcd709,0.008340601503759398,AES1,0.0024759398496240603,25667,26506,256,8,25.972736,1.3571688311688312,1711080621820,1711080647487,False
AS-a2c4b687-fe0c-4550-8f71-372ef5fcd709,0.008340601503759398,AES2,0.010295488721804512,26506,26506,256,8,37.298176,3.9222368421052636,1711080621820,1711080648326,False
AS-a2c4b687-fe0c-4550-8f71-372ef5fcd709,0.008340601503759398,AES3,0.012250375939849624,26352,26506,256,8,40.493056,4.554835164835165,1711080621820,1711080648172,False
AS-a2c4b687-fe0c-4550-8f71-372ef5fcd709,0.008340601503759398,Stats,,23,,128,1,15.089664,0.005225806451612903,1711080648398,1711080648421,False
AS-e7c3f9b5-2073-45a5-b483-28cd545e660c,0.007021553884711779,wait1,,1005,,128,1,10.981376,0.021258064516129035,1711080648924,1711080649929,False
AS-e7c3f9b5-2073-45a5-b483-28cd545e660c,0.007021553884711779,AES1,0.00246015037593985,15923,17010,256,8,26.226688,1.3980921052631579,1711080649955,1711080665878,False
AS-e7c3f9b5-2073-45a5-b483-28cd545e660c,0.007021553884711779,AES2,0.004415037593984962,16628,17010,256,8,28.913664,2.0496133333333333,1711080649956,1711080666584,False
AS-e7c3f9b5-2073-45a5-b483-28cd545e660c,0.007021553884711779,AES3,0.014189473684210526,17010,17010,256,8,42.340352,5.222413333333334,1711080649956,1711080666966,False
AS-e7c3f9b5-2073-45a5-b483-28cd545e660c,0.007021553884711779,Stats,,22,,128,1,14.856192,0.004875,1711080667022,1711080667044,False
AS-db5421e7-f1e1-4acc-96b9-c2b2cfffd674,0.0076573934837092725,wait1,,1005,,128,1,11.255808,0.022281250000000002,1711080667546,1711080668551,False
AS-db5421e7-f1e1-4acc-96b9-c2b2cfffd674,0.0076573934837092725,AES1,0.006354135338345865,10777,11052,256,8,31.113216,2.7105194805194803,1711080668576,1711080679353,False
AS-db5421e7-f1e1-4acc-96b9-c2b2cfffd674,0.0076573934837092725,AES2,0.002444360902255639,10833,11052,256,8,25.698304,1.3578961038961037,1711080668575,1711080679408,False
AS-db5421e7-f1e1-4acc-96b9-c2b2cfffd674,0.0076573934837092725,AES3,0.014173684210526316,11052,11052,256,8,42.590208,5.400118421052632,1711080668575,1711080679627,False
AS-db5421e7-f1e1-4acc-96b9-c2b2cfffd674,0.0076573934837092725,Stats,,23,,128,1,15.13472,0.0053,1711080679681,1711080679704,False
AS-4f7e676f-a9f6-4500-b4b4-18f828d6d2a1,0.006380451127819549,wait1,,1009,,128,1,11.026432,0.023454545454545457,1711080680198,1711080681207,False
AS-4f7e676f-a9f6-4500-b4b4-18f828d6d2a1,0.006380451127819549,AES1,0.006380451127819549,20352,20657,256,8,31.563776,2.764973684210527,1711080681240,1711080701592,False
AS-4f7e676f-a9f6-4500-b4b4-18f828d6d2a1,0.006380451127819549,AES2,0.006380451127819549,20657,20657,256,8,31.547392,2.7042467532467533,1711080681238,1711080701895,False
AS-4f7e676f-a9f6-4500-b4b4-18f828d6d2a1,0.006380451127819549,AES3,0.006380451127819549,20353,20657,256,8,31.670272,2.743171052631579,1711080681239,1711080701592,False
AS-4f7e676f-a9f6-4500-b4b4-18f828d6d2a1,0.006380451127819549,Stats,,23,,128,1,15.118336,0.00534375,1711080701996,1711080702019,False
AS-07defd6e-acef-4165-8280-9a4c007c732c,0.007667919799498747,wait1,,1005,,128,1,11.292672,0.02033333333333333,1711080702507,1711080703512,False
AS-07defd6e-acef-4165-8280-9a4c007c732c,0.007667919799498747,AES1,0.0044097744360902255,15262,15464,256,8,28.798976,2.0879736842105263,1711080703538,1711080718800,False
AS-07defd6e-acef-4165-8280-9a4c007c732c,0.007667919799498747,AES2,0.00831954887218045,15214,15464,256,8,34.254848,3.402236842105263,1711080703538,1711080718752,False
AS-07defd6e-acef-4165-8280-9a4c007c732c,0.007667919799498747,AES3,0.010274436090225565,15464,15464,256,8,37.163008,3.940844155844156,1711080703538,1711080719002,False
AS-07defd6e-acef-4165-8280-9a4c007c732c,0.007667919799498747,Stats,,22,,128,1,14.917632,0.004617647058823529,1711080719164,1711080719186,False
AS-f62f8daf-4ae4-4b07-9091-78e39b3fa50b,0.00831954887218045,wait1,,1006,,128,1,11.317248,0.021242424242424243,1711080719723,1711080720729,False
AS-f62f8daf-4ae4-4b07-9091-78e39b3fa50b,0.00831954887218045,AES1,0.0063646616541353385,15978,16163,256,8,31.473664,2.6238076923076923,1711080720753,1711080736731,False
AS-f62f8daf-4ae4-4b07-9091-78e39b3fa50b,0.00831954887218045,AES2,0.0063646616541353385,16079,16163,256,8,31.358976,2.6785783132530123,1711080720754,1711080736833,False
AS-f62f8daf-4ae4-4b07-9091-78e39b3fa50b,0.00831954887218045,AES3,0.012229323308270677,16163,16163,256,8,40.59136,4.554077922077922,1711080720754,1711080736917,False
AS-f62f8daf-4ae4-4b07-9091-78e39b3fa50b,0.00831954887218045,Stats,,23,,128,1,15.159296,0.004937500000000001,1711080737233,1711080737256,False
AS-325ca820-e876-41cb-9944-d5b484cd3641,0.006989974937343359,wait1,,1009,,128,1,11.071488,0.021548387096774195,1711080737776,1711080738785,False
AS-325ca820-e876-41cb-9944-d5b484cd3641,0.006989974937343359,AES1,0.0024285714285714284,3813,3965,256,8,25.800704,1.3388846153846155,1711080739135,1711080742948,False
AS-325ca820-e876-41cb-9944-d5b484cd3641,0.006989974937343359,AES2,0.008293233082706767,3963,3965,256,8,34.557952,3.2546000000000004,1711080739136,1711080743099,False
AS-325ca820-e876-41cb-9944-d5b484cd3641,0.006989974937343359,AES3,0.010248120300751881,3965,3965,256,8,37.1712,3.9493333333333336,1711080739134,1711080743099,False
AS-325ca820-e876-41cb-9944-d5b484cd3641,0.006989974937343359,Stats,,22,,128,1,14.864384,0.005656250000000001,1711080743271,1711080743293,False
AS-bbdda649-4181-4058-9583-5fb204abe982,0.006380451127819549,wait1,,1004,,128,1,11.341824,0.017833333333333333,1711080743761,1711080744765,False
AS-bbdda649-4181-4058-9583-5fb204abe982,0.006380451127819549,AES1,0.004425563909774436,20426,21052,256,8,28.622848,2.0589078947368424,1711080744810,1711080765236,False
AS-bbdda649-4181-4058-9583-5fb204abe982,0.006380451127819549,AES2,0.006380451127819549,20712,21052,256,8,31.698944,2.7546842105263156,1711080744808,1711080765520,False
AS-bbdda649-4181-4058-9583-5fb204abe982,0.006380451127819549,AES3,0.008335338345864661,21052,21052,256,8,34.312192,3.49588,1711080744809,1711080765861,False
AS-bbdda649-4181-4058-9583-5fb204abe982,0.006380451127819549,Stats,,23,,128,1,14.860288,0.00496875,1711080765965,1711080765988,False
AS-30bbbfd5-cd21-4956-ab0c-e6790caf7854,0.005713032581453634,wait1,,1006,,128,1,11.362304,0.02387096774193548,1711080766520,1711080767526,False
AS-30bbbfd5-cd21-4956-ab0c-e6790caf7854,0.005713032581453634,AES1,0.0024548872180451126,13487,13487,256,8,25.894912,1.373421052631579,1711080767551,1711080781038,False
AS-30bbbfd5-cd21-4956-ab0c-e6790caf7854,0.005713032581453634,AES2,0.0063646616541353385,12474,13487,256,8,31.592448,2.7052857142857145,1711080767552,1711080780026,False
AS-30bbbfd5-cd21-4956-ab0c-e6790caf7854,0.005713032581453634,AES3,0.00831954887218045,13442,13487,256,8,34.308096,3.288974683544304,1711080767551,1711080780993,False
AS-30bbbfd5-cd21-4956-ab0c-e6790caf7854,0.005713032581453634,Stats,,22,,128,1,14.884864,0.006344827586206896,1711080781103,1711080781125,False
AS-1fee0544-8aff-4cd1-8735-f804b6c60a02,0.006375187969924812,wait1,,1005,,128,1,11.124736,0.019,1711080781617,1711080782622,False
AS-1fee0544-8aff-4cd1-8735-f804b6c60a02,0.006375187969924812,AES1,0.0024654135338345864,17980,17980,256,8,25.976832,1.3753289473684212,1711080782650,1711080800630,False
AS-1fee0544-8aff-4cd1-8735-f804b6c60a02,0.006375187969924812,AES2,0.006375187969924812,17721,17980,256,8,31.481856,2.7446315789473683,1711080782650,1711080800371,False
AS-1fee0544-8aff-4cd1-8735-f804b6c60a02,0.006375187969924812,AES3,0.01028496240601504,17416,17980,256,8,37.777408,4.071688311688312,1711080782648,1711080800064,False
AS-1fee0544-8aff-4cd1-8735-f804b6c60a02,0.006375187969924812,Stats,,23,,128,1,15.343616,0.005413793103448276,1711080800721,1711080800744,False
AS-2ae70cde-4d4e-40ce-9b85-adb7359a01c9,0.008971177944862156,wait1,,1006,,128,1,11.1616,0.020843749999999998,1711080801288,1711080802294,False
AS-2ae70cde-4d4e-40ce-9b85-adb7359a01c9,0.008971177944862156,AES1,0.0044097744360902255,15859,17756,256,8,28.995584,1.9681948051948053,1711080802321,1711080818180,False
AS-2ae70cde-4d4e-40ce-9b85-adb7359a01c9,0.008971177944862156,AES2,0.010274436090225565,17756,17756,256,8,37.310464,3.8964933333333334,1711080802321,1711080820077,False
AS-2ae70cde-4d4e-40ce-9b85-adb7359a01c9,0.008971177944862156,AES3,0.012229323308270677,17588,17756,256,8,39.940096,4.568144736842105,1711080802320,1711080819908,False
AS-2ae70cde-4d4e-40ce-9b85-adb7359a01c9,0.008971177944862156,Stats,,23,,128,1,14.893056,0.00628125,1711080820291,1711080820314,False
AS-76371e1f-3875-41fa-9668-6e6e13a94f32,0.00831954887218045,wait1,,1006,,128,1,11.18208,0.0228,1711080820820,1711080821826,False
AS-76371e1f-3875-41fa-9668-6e6e13a94f32,0.00831954887218045,AES1,0.0063646616541353385,15782,16283,256,8,31.789056,2.759078947368421,1711080821883,1711080837665,False
AS-76371e1f-3875-41fa-9668-6e6e13a94f32,0.00831954887218045,AES2,0.0044097744360902255,15883,16283,256,8,28.995584,1.985051948051948,1711080821883,1711080837766,False
AS-76371e1f-3875-41fa-9668-6e6e13a94f32,0.00831954887218045,AES3,0.014184210526315789,16283,16283,256,8,42.991616,5.1479480519480525,1711080821883,1711080838166,False
AS-76371e1f-3875-41fa-9668-6e6e13a94f32,0.00831954887218045,Stats,,23,,128,1,15.396864,0.005333333333333334,1711080838252,1711080838275,False
AS-b0d73490-2d03-48bb-aecd-eec1da863632,0.0070110275689223055,wait1,,1007,,128,1,11.464704,0.0216,1711080838807,1711080839814,False
AS-b0d73490-2d03-48bb-aecd-eec1da863632,0.0070110275689223055,AES1,0.0004947368421052631,12643,12643,256,8,22.667264,0.7018666666666666,1711080839845,1711080852488,False
AS-b0d73490-2d03-48bb-aecd-eec1da863632,0.0070110275689223055,AES2,0.010269172932330827,12606,12643,256,8,37.556224,3.9276400000000002,1711080839845,1711080852451,False
AS-b0d73490-2d03-48bb-aecd-eec1da863632,0.0070110275689223055,AES3,0.010269172932330827,12251,12643,256,8,38.117376,3.9272077922077924,1711080839845,1711080852096,False
AS-b0d73490-2d03-48bb-aecd-eec1da863632,0.0070110275689223055,Stats,,23,,128,1,15.286272,0.0055000000000000005,1711080852547,1711080852570,False
AS-c674e788-b146-44bb-bbde-631556ee96a8,0.006364661654135338,wait1,,1015,,128,1,11.48928,0.044625000000000005,1711080853093,1711080854108,False
AS-c674e788-b146-44bb-bbde-631556ee96a8,0.006364661654135338,AES1,0.0044097744360902255,14147,14147,256,8,28.602368,2.114608108108108,1711080854148,1711080868295,False
AS-c674e788-b146-44bb-bbde-631556ee96a8,0.006364661654135338,AES2,0.0024548872180451126,14098,14147,256,8,26.39872,1.3583376623376622,1711080854148,1711080868246,False
AS-c674e788-b146-44bb-bbde-631556ee96a8,0.006364661654135338,AES3,0.012229323308270677,13792,14147,256,8,39.931904,4.628184210526316,1711080854149,1711080867941,False
AS-c674e788-b146-44bb-bbde-631556ee96a8,0.006364661654135338,Stats,,23,,128,1,15.572992,0.005,1711080868351,1711080868374,False
AS-5cbe4cdb-c526-472b-a089-a79b768c851d,0.005071929824561404,wait1,,1007,,128,1,11.227136,0.02229032258064516,1711080868922,1711080869929,False
AS-5cbe4cdb-c526-472b-a089-a79b768c851d,0.005071929824561404,AES1,0.004420300751879699,14530,16403,256,8,28.672,2.0344545454545453,1711080869957,1711080884487,False
AS-5cbe4cdb-c526-472b-a089-a79b768c851d,0.005071929824561404,AES2,0.004420300751879699,16403,16403,256,8,29.179904,2.0328701298701297,1711080869957,1711080886360,False
AS-5cbe4cdb-c526-472b-a089-a79b768c851d,0.005071929824561404,AES3,0.006375187969924812,15998,16403,256,8,31.289344,2.6745128205128204,1711080869956,1711080885954,False
AS-5cbe4cdb-c526-472b-a089-a79b768c851d,0.005071929824561404,Stats,,25,,128,1,15.310848,0.004571428571428572,1711080886459,1711080886484,False
AS-3cba2349-a096-419d-b07f-e450bea230af,0.0076573934837092725,wait1,,1005,,128,1,11.239424,0.018875,1711080887009,1711080888014,False
AS-3cba2349-a096-419d-b07f-e450bea230af,0.0076573934837092725,AES1,0.004399248120300752,10894,10986,256,8,28.471296,2.08556,1711080888046,1711080898940,False
AS-3cba2349-a096-419d-b07f-e450bea230af,0.0076573934837092725,AES2,0.008309022556390978,10888,10986,256,8,34.439168,3.338191780821918,1711080888046,1711080898934,False
AS-3cba2349-a096-419d-b07f-e450bea230af,0.0076573934837092725,AES3,0.01026390977443609,10986,10986,256,8,36.917248,3.959723684210527,1711080888043,1711080899029,False
